filename,p/bar,Di,Df,Density,AVA,ASA,NAVA,NASA,UC_volume,Gamma_cage_window,DeltaD_cage_window,Eta_wall,Phi_accessible,hoa/kcal/mol,mmol/g,S(g1)
DB1-Uio66Zr-irmof6_A-irmof7_A_No1,0.015,6.52202,3.38793,1.34096,0.0,0.0,95.0994,205.619,2283.85,1.925075193407184,3.1340900000000005,,0.0,7.689723,0.674824,170.338985
DB1-Uio66Zr-irmof6_A-irmof7_A_No1,0.15,6.52202,3.38793,1.34096,0.0,0.0,95.0994,205.619,2283.85,1.925075193407184,3.1340900000000005,,0.0,7.258521,2.6035,159.08332
DB1-Uio66Zr-irmof6_A-irmof7_A_No155,0.015,6.35607,2.85566,1.42096,0.0,0.0,77.5594,178.408,2283.85,2.2257796796537406,3.50041,,0.0,8.367259,0.922455,230.460515
DB1-Uio66Zr-irmof6_A-irmof7_A_No155,0.15,6.35607,2.85566,1.42096,0.0,0.0,77.5594,178.408,2283.85,2.2257796796537406,3.50041,,0.0,8.598125,2.980019,201.37595
DB1-Uio66Zr-irmof6_A-irmof7_A_No69,0.015,6.35607,2.49975,1.53162,0.0,0.0,61.9379,153.932,2283.85,2.5426822682268226,3.8563199999999997,,0.0,8.213343,0.770365,213.322425
DB1-Uio66Zr-irmof6_A-irmof7_A_No69,0.15,6.35607,2.49975,1.53162,0.0,0.0,61.9379,153.932,2283.85,2.5426822682268226,3.8563199999999997,,0.0,7.81603,2.567887,220.498295
DB1-Uio66Zr-irmof10_A_No16,0.015,10.06105,6.0098,1.06793,879.782,900.31,0.0,0.0,4791.32,1.6741072914240074,4.05125,1.023333052960847,0.18361996276600187,6.246427,0.174915,7.97036
DB1-Uio66Zr-irmof10_A_No16,0.15,10.06105,6.0098,1.06793,879.782,900.31,0.0,0.0,4791.32,1.6741072914240074,4.05125,1.023333052960847,0.18361996276600187,5.971339,1.873022,76.78849
DB1-Uio66Zr-BDC_A-irmof7_A_No332,0.015,5.96944,3.04284,1.67262,0.0,0.0,44.9852,131.994,2235.84,1.9617988458150937,2.9265999999999996,,0.0,8.210602,0.634895,191.900045
DB1-Uio66Zr-BDC_A-irmof7_A_No332,0.15,5.96944,3.04284,1.67262,0.0,0.0,44.9852,131.994,2235.84,1.9617988458150937,2.9265999999999996,,0.0,7.558075,2.171238,183.463735
DB1-Uio66Zr-BDC_A-irmof7_A_No88,0.015,6.62543,2.25401,1.4284,0.0,0.0,74.7219,178.133,2235.84,2.939396897085638,4.37142,,0.0,7.412612,0.959591,250.261205
DB1-Uio66Zr-BDC_A-irmof7_A_No88,0.15,6.62543,2.25401,1.4284,0.0,0.0,74.7219,178.133,2235.84,2.939396897085638,4.37142,,0.0,7.721727,2.717567,212.542225
DB1-Uio66Zr-BDC_A-DABCO_A_No7,0.015,6.6053,3.46393,1.37864,0.0,0.0,102.044,213.423,2235.84,1.9068803353416495,3.1413699999999998,,0.0,6.736409,0.232044,41.364935
DB1-Uio66Zr-BDC_A-DABCO_A_No7,0.15,6.6053,3.46393,1.37864,0.0,0.0,102.044,213.423,2235.84,1.9068803353416495,3.1413699999999998,,0.0,6.82888,1.401241,92.110335
DB1-Uio66Zr-BDC_A-TED_A_No1,0.015,8.63768,3.8376,1.25971,147.253,250.547,0.0,0.0,2235.84,2.2508025849489264,4.8000799999999995,1.7014729750836997,0.06586025833691139,6.055055,0.189789,25.57299
DB1-Uio66Zr-BDC_A-TED_A_No1,0.15,8.63768,3.8376,1.25971,147.253,250.547,0.0,0.0,2235.84,2.2508025849489264,4.8000799999999995,1.7014729750836997,0.06586025833691139,6.715824,1.303997,80.051755
DB1-Uio66Zr-irmof12_A-irmof14_A_No8,0.015,8.99832,4.05814,0.862296,415.794,563.096,192.047,230.931,4847.21,2.2173508060342915,4.94018,1.354266776336359,0.08578006729644476,6.396186,0.172382,9.56742
DB1-Uio66Zr-irmof12_A-irmof14_A_No8,0.15,8.99832,4.05814,0.862296,415.794,563.096,192.047,230.931,4847.21,2.2173508060342915,4.94018,1.354266776336359,0.08578006729644476,6.016205,1.4959,56.365965
DB1-Uio66Zr-BDC_A-irmof7_A_No329,0.015,6.12928,3.04284,1.65842,0.0,0.0,50.3065,136.264,2235.84,2.014328719222831,3.0864399999999996,,0.0,7.704255,0.469417,145.95652
DB1-Uio66Zr-BDC_A-irmof7_A_No329,0.15,6.12928,3.04284,1.65842,0.0,0.0,50.3065,136.264,2235.84,2.014328719222831,3.0864399999999996,,0.0,8.742,1.989685,160.977275
DB1-Uio66Zr-BDC_A-irmof6_A_No386,0.015,7.31796,2.06572,1.50202,0.0,0.0,86.6166,167.309,2235.84,3.5425711132196045,5.2522400000000005,,0.0,7.946132,1.093001,276.753875
DB1-Uio66Zr-BDC_A-irmof6_A_No386,0.15,7.31796,2.06572,1.50202,0.0,0.0,86.6166,167.309,2235.84,3.5425711132196045,5.2522400000000005,,0.0,8.540477,2.876932,218.94402
DB1-Uio66Zr-irmof10_A-irmof12_A_No10,0.015,9.51941,3.92887,0.829018,330.313,437.867,252.694,264.903,4791.32,2.4229384021359834,5.590540000000001,1.3256123737182612,0.06893987460658023,7.252592,1.023869,118.567855
DB1-Uio66Zr-irmof10_A-irmof12_A_No10,0.15,9.51941,3.92887,0.829018,330.313,437.867,252.694,264.903,4791.32,2.4229384021359834,5.590540000000001,1.3256123737182612,0.06893987460658023,7.474897,7.635505,179.999455
DB1-Uio66Zr-irmof6_A-irmof7_A_No53,0.015,6.35607,2.22268,1.45739,0.0,0.0,64.4045,157.777,2283.85,2.8596424136627854,4.13339,,0.0,7.863968,1.091068,292.989985
DB1-Uio66Zr-irmof6_A-irmof7_A_No53,0.15,6.35607,2.22268,1.45739,0.0,0.0,64.4045,157.777,2283.85,2.8596424136627854,4.13339,,0.0,9.20909,2.966876,265.949915
DB1-Uio66Zr-irmof10_A-irmof14_A_No323,0.015,10.06126,5.08515,0.858125,751.47,855.724,0.0,0.0,4791.32,1.9785571713715429,4.976110000000001,1.1387334158382902,0.1568398687626792,9.030831,4.052777,382.41588
DB1-Uio66Zr-irmof10_A-irmof14_A_No323,0.15,10.06126,5.08515,0.858125,751.47,855.724,0.0,0.0,4791.32,1.9785571713715429,4.976110000000001,1.1387334158382902,0.1568398687626792,8.887852,11.743011,200.00747
DB1-Uio66Zr-irmof10_A-irmof14_A_No504,0.015,10.06126,6.56005,0.838248,1019.98,938.242,0.0,0.0,4791.32,1.533716968620666,3.5012100000000004,0.919863134571266,0.2128807927669202,5.852426,0.128845,5.33346
DB1-Uio66Zr-irmof10_A-irmof14_A_No504,0.15,10.06126,6.56005,0.838248,1019.98,938.242,0.0,0.0,4791.32,1.533716968620666,3.5012100000000004,0.919863134571266,0.2128807927669202,6.045809,1.122977,44.09389
DB1-Uio66Zr-irmof6_A-irmof7_A_No88,0.015,6.39507,1.69723,1.68421,0.0,0.0,57.1875,130.4,2283.85,3.7679454169440794,4.697839999999999,,0.0,9.029671,1.724164,478.13442
DB1-Uio66Zr-irmof6_A-irmof7_A_No88,0.15,6.39507,1.69723,1.68421,0.0,0.0,57.1875,130.4,2283.85,3.7679454169440794,4.697839999999999,,0.0,9.150659,2.897262,267.383585
DB1-Uio66Zr-irmof6_A-irmof7_A_No134,0.015,6.39507,2.10665,1.4734,0.0,0.0,70.5252,156.552,2283.85,3.0356585099565656,4.2884199999999995,,0.0,8.30273,1.258104,325.476165
DB1-Uio66Zr-irmof6_A-irmof7_A_No134,0.15,6.39507,2.10665,1.4734,0.0,0.0,70.5252,156.552,2283.85,3.0356585099565656,4.2884199999999995,,0.0,9.887278,2.808618,225.07448
DB1-Uio66Zr-irmof8_A-imd_No6,0.015,8.68499,2.41832,1.3418,0.0,0.0,268.869,354.246,3454.13,3.5913319990737373,6.266670000000001,,0.0,6.502178,0.25601,33.958385
DB1-Uio66Zr-irmof8_A-imd_No6,0.15,8.68499,2.41832,1.3418,0.0,0.0,268.869,354.246,3454.13,3.5913319990737373,6.266670000000001,,0.0,7.831306,2.228168,131.81724
DB1-Uio66Zr-irmof6_A-irmof7_A_No13,0.015,6.52202,2.81825,1.39555,0.0,0.0,79.3408,178.633,2283.85,2.3142091723587335,3.7037700000000005,,0.0,7.908701,0.943837,241.96413
DB1-Uio66Zr-irmof6_A-irmof7_A_No13,0.15,6.52202,2.81825,1.39555,0.0,0.0,79.3408,178.633,2283.85,2.3142091723587335,3.7037700000000005,,0.0,7.285368,2.789137,190.766165
DB1-Uio66Zr-BDC_A-DABCO_A_No19,0.015,6.6053,3.37614,1.36225,0.0,0.0,78.97,181.121,2235.84,1.9564650755004236,3.22916,,0.0,7.593532,0.442694,120.10066
DB1-Uio66Zr-BDC_A-DABCO_A_No19,0.15,6.6053,3.37614,1.36225,0.0,0.0,78.97,181.121,2235.84,1.9564650755004236,3.22916,,0.0,7.292245,2.342692,155.047565
DB1-Uio66Zr-irmof10_A-irmof14_A_No338,0.015,10.06126,5.08515,0.838028,779.164,879.114,0.0,0.0,4791.32,1.9785571713715429,4.976110000000001,1.1282785138943792,0.1626199043269913,8.192736,2.158235,210.88884
DB1-Uio66Zr-irmof10_A-irmof14_A_No338,0.15,10.06126,5.08515,0.838028,779.164,879.114,0.0,0.0,4791.32,1.9785571713715429,4.976110000000001,1.1282785138943792,0.1626199043269913,7.943653,11.251529,265.85012
DB1-Uio66Zr-BDC_A-imdb_No21,0.015,7.33179,3.3397,1.37847,0.0,0.0,224.927,427.731,4471.7,2.1953438931640563,3.9920899999999997,,0.0,7.082067,0.491966,93.125365
DB1-Uio66Zr-BDC_A-imdb_No21,0.15,7.33179,3.3397,1.37847,0.0,0.0,224.927,427.731,4471.7,2.1953438931640563,3.9920899999999997,,0.0,7.951551,2.890601,161.740915
DB1-Uio66Zr-irmof10_A-irmof14_A_No188,0.015,10.06126,6.56005,0.882077,1057.83,916.924,0.0,0.0,4791.32,1.533716968620666,3.5012100000000004,0.8667971224109734,0.2207804947279664,5.555052,0.115987,4.86256
DB1-Uio66Zr-irmof10_A-irmof14_A_No188,0.15,10.06126,6.56005,0.882077,1057.83,916.924,0.0,0.0,4791.32,1.533716968620666,3.5012100000000004,0.8667971224109734,0.2207804947279664,5.687887,0.913647,38.976065
DB1-Uio66Zr-BDC_A-irmof6_A_No473,0.015,7.31796,3.25682,1.51663,0.0,0.0,99.8975,188.208,2235.84,2.2469648307244494,4.06114,,0.0,9.834155,1.628749,441.42194
DB1-Uio66Zr-BDC_A-irmof6_A_No473,0.15,7.31796,3.25682,1.51663,0.0,0.0,99.8975,188.208,2235.84,2.2469648307244494,4.06114,,0.0,10.277539,4.456491,443.996425
DB1-Uio66Zr-BDC_A-irmof7_A_No29,0.015,7.81057,3.85252,1.2939,142.557,263.63,0.0,0.0,2235.84,2.0273924600002076,3.95805,1.8492953695714698,0.0637599291541434,7.413942,0.374512,78.07962
DB1-Uio66Zr-BDC_A-irmof7_A_No29,0.15,7.81057,3.85252,1.2939,142.557,263.63,0.0,0.0,2235.84,2.0273924600002076,3.95805,1.8492953695714698,0.0637599291541434,7.086201,1.871757,102.930345
DB1-Uio66Zr-irmof6_A-irmof7_A_No122,0.015,6.35607,2.10665,1.56486,0.0,0.0,65.5921,151.959,2283.85,3.0171457052666555,4.24942,,0.0,8.013634,1.068765,293.83607
DB1-Uio66Zr-irmof6_A-irmof7_A_No122,0.15,6.35607,2.10665,1.56486,0.0,0.0,65.5921,151.959,2283.85,3.0171457052666555,4.24942,,0.0,8.628915,2.654151,233.159315
DB1-Uio66Zr-irmof12_A-irmof14_A_No7,0.015,8.99832,4.02347,0.879343,605.708,757.095,0.0,0.109359,4847.21,2.2364575851193127,4.97485,1.2499339615788467,0.12496013170463008,5.977696,0.14739,7.171665
DB1-Uio66Zr-irmof12_A-irmof14_A_No7,0.15,8.99832,4.02347,0.879343,605.708,757.095,0.0,0.109359,4847.21,2.2364575851193127,4.97485,1.2499339615788467,0.12496013170463008,6.313166,1.478715,55.702785
DB1-Uio66Zr-BDC_A-irmof6_A_No392,0.015,7.31796,1.14413,1.94443,0.0,0.0,74.7219,135.531,2235.84,6.396091353255311,6.173830000000001,,0.0,8.969748,1.216461,384.480505
DB1-Uio66Zr-BDC_A-irmof6_A_No392,0.15,7.31796,1.14413,1.94443,0.0,0.0,74.7219,135.531,2235.84,6.396091353255311,6.173830000000001,,0.0,8.819296,2.372493,236.524435
DB1-Uio66Zr-BDC_A-irmof6_A_No174,0.015,7.31796,2.70139,1.78315,0.0,0.0,81.5188,162.308,2235.84,2.7089609423296896,4.61657,,0.0,8.119061,1.358456,343.041605
DB1-Uio66Zr-BDC_A-irmof6_A_No174,0.15,7.31796,2.70139,1.78315,0.0,0.0,81.5188,162.308,2235.84,2.7089609423296896,4.61657,,0.0,11.161386,2.968998,261.63879
DB1-Uio66Zr-BDC_A-irmof6_A_No349,0.015,7.31796,3.52783,1.36214,0.0,0.0,106.605,212.662,2235.84,2.0743516552668355,3.7901300000000004,,0.0,7.125129,0.400317,103.745025
DB1-Uio66Zr-BDC_A-irmof6_A_No349,0.15,7.31796,3.52783,1.36214,0.0,0.0,106.605,212.662,2235.84,2.0743516552668355,3.7901300000000004,,0.0,8.200809,2.300704,139.26082
DB1-Uio66Zr-irmof10_A-irmof14_A_No527,0.015,10.06126,6.00548,1.04853,805.804,850.978,0.0,0.0,4791.32,1.6753465168479456,4.05578,1.0560607790480068,0.1681799587587554,6.605868,0.279454,15.784365
DB1-Uio66Zr-irmof10_A-irmof14_A_No527,0.15,10.06126,6.00548,1.04853,805.804,850.978,0.0,0.0,4791.32,1.6753465168479456,4.05578,1.0560607790480068,0.1681799587587554,6.323494,1.991988,77.593075
DB1-Uio66Zr-BDC_A-NiC4_No10,0.015,7.33159,0.84396,2.02032,0.0,0.0,157.136,282.894,4471.7,8.687129721787763,6.48763,,0.0,11.005198,1.997208,483.66589
DB1-Uio66Zr-BDC_A-NiC4_No10,0.15,7.33159,0.84396,2.02032,0.0,0.0,157.136,282.894,4471.7,8.687129721787763,6.48763,,0.0,11.275731,2.805479,316.437195
DB1-Uio66Zr-BDC_A-irmof6_A_No122,0.015,7.31796,2.25159,1.37569,0.0,0.0,84.7832,170.124,2235.84,3.2501299081982062,5.06637,,0.0,8.680321,1.332161,292.711975
DB1-Uio66Zr-BDC_A-irmof6_A_No122,0.15,7.31796,2.25159,1.37569,0.0,0.0,84.7832,170.124,2235.84,3.2501299081982062,5.06637,,0.0,11.016325,3.593796,258.95624
DB1-Uio66Zr-irmof10_A-irmof14_A_No442,0.015,10.06126,6.33591,0.92276,829.856,887.737,0.0,0.0,4791.32,1.5879739453369761,3.7253500000000006,1.0697482454787337,0.1731998697644908,6.533105,0.238341,10.105235
DB1-Uio66Zr-irmof10_A-irmof14_A_No442,0.15,10.06126,6.33591,0.92276,829.856,887.737,0.0,0.0,4791.32,1.5879739453369761,3.7253500000000006,1.0697482454787337,0.1731998697644908,6.424056,2.171242,68.04697
DB1-Uio66Zr-BDC_A-irmof7_A_No116,0.015,6.62543,2.70752,1.40101,0.0,0.0,82.4132,183.139,2235.84,2.447047482567072,3.9179099999999996,,0.0,8.032077,0.977996,252.609905
DB1-Uio66Zr-BDC_A-irmof7_A_No116,0.15,6.62543,2.70752,1.40101,0.0,0.0,82.4132,183.139,2235.84,2.447047482567072,3.9179099999999996,,0.0,8.55334,2.926378,194.254875
DB1-Uio66Zr-BDC_A-irmof6_A_No344,0.015,7.31796,3.19662,1.37716,0.0,0.0,91.0882,185.693,2235.84,2.2892805525836666,4.12134,,0.0,7.576869,0.668628,169.538755
DB1-Uio66Zr-BDC_A-irmof6_A_No344,0.15,7.31796,3.19662,1.37716,0.0,0.0,91.0882,185.693,2235.84,2.2892805525836666,4.12134,,0.0,9.226624,2.983642,213.28134
DB1-Uio66Zr-BDC_A-irmof6_A_No139,0.015,7.31796,2.25297,1.38316,0.0,0.0,94.9786,183.602,2235.84,3.248139123024275,5.06499,,0.0,7.546205,0.78012,188.566525
DB1-Uio66Zr-BDC_A-irmof6_A_No139,0.15,7.31796,2.25297,1.38316,0.0,0.0,94.9786,183.602,2235.84,3.248139123024275,5.06499,,0.0,8.460161,2.890099,192.93411
DB1-Uio66Zr-irmof20_A_No13,0.015,8.33703,1.87439,1.2071,0.0,0.0,205.78,275.768,3163.9,4.447863038108398,6.46264,,0.0,8.38609,1.503176,296.206545
DB1-Uio66Zr-irmof20_A_No13,0.15,8.33703,1.87439,1.2071,0.0,0.0,205.78,275.768,3163.9,4.447863038108398,6.46264,,0.0,8.830723,4.668046,225.51498
DB1-Uio66Zr-irmof7_A-PEDOT_A_No1,0.015,7.37939,3.80499,1.47305,94.6457,171.947,0.0865926,0.716675,2164.81,1.9393980010459948,3.5744,1.8167439196920725,0.04372009552801401,7.92555,0.740472,188.202385
DB1-Uio66Zr-irmof7_A-PEDOT_A_No1,0.15,7.37939,3.80499,1.47305,94.6457,171.947,0.0865926,0.716675,2164.81,1.9393980010459948,3.5744,1.8167439196920725,0.04372009552801401,8.462468,2.932977,204.715625
DB1-Uio66Zr-BDC_A-irmof6_A_No427,0.015,7.31796,3.25594,1.55146,0.0,0.0,96.5884,185.824,2235.84,2.24757212970755,4.06202,,0.0,9.059325,1.357822,365.55154
DB1-Uio66Zr-BDC_A-irmof6_A_No427,0.15,7.31796,3.25594,1.55146,0.0,0.0,96.5884,185.824,2235.84,2.24757212970755,4.06202,,0.0,8.898789,3.715774,311.34614
DB1-Uio66Zr-BDC_A-irmof6_A_No155,0.015,7.31796,3.26046,1.4343,0.0,0.0,104.235,212.861,2235.84,2.244456303711746,4.0575,,0.0,6.915677,0.344697,90.463885
DB1-Uio66Zr-BDC_A-irmof6_A_No155,0.15,7.31796,3.26046,1.4343,0.0,0.0,104.235,212.861,2235.84,2.244456303711746,4.0575,,0.0,7.190683,2.001488,130.18589
DB1-Uio66Zr-irmof10_A-irmof14_A_No17,0.015,10.06126,6.56005,0.806297,1107.66,990.029,0.0,0.0,4791.32,1.533716968620666,3.5012100000000004,0.893802249787841,0.23118055149729097,4.962863,0.07439,2.414915
DB1-Uio66Zr-irmof10_A-irmof14_A_No17,0.15,10.06126,6.56005,0.806297,1107.66,990.029,0.0,0.0,4791.32,1.533716968620666,3.5012100000000004,0.893802249787841,0.23118055149729097,5.053676,0.818043,26.588205
DB1-Uio66Zr-irmof8_A-imd_No4,0.015,8.68499,2.3057,1.10622,0.0,0.0,281.719,374.033,3454.13,3.7667476254499723,6.379290000000001,,0.0,7.219763,0.929686,153.56903
DB1-Uio66Zr-irmof8_A-imd_No4,0.15,8.68499,2.3057,1.10622,0.0,0.0,281.719,374.033,3454.13,3.7667476254499723,6.379290000000001,,0.0,8.135898,4.718138,239.765085
DB1-Uio66Zr-BDC_A-irmof7_A_No387,0.015,7.04952,3.70223,1.35624,0.0,0.0,123.732,251.394,2235.84,1.9041280525521105,3.34729,,0.0,7.716043,0.534723,144.64341
DB1-Uio66Zr-BDC_A-irmof7_A_No387,0.15,7.04952,3.70223,1.35624,0.0,0.0,123.732,251.394,2235.84,1.9041280525521105,3.34729,,0.0,7.007434,2.382788,139.75728
DB12-acs.jpcc.6b08594_UiO66_Ce2Zr4_opt_freeONLY,0.015,8.49751,4.07254,1.27238,285.485,463.912,68.4281,126.453,4598.67,2.086538130994416,4.42497,1.6249960593376183,0.06207990571186887,6.358936,0.1408,11.12014
DB12-acs.jpcc.6b08594_UiO66_Ce2Zr4_opt_freeONLY,0.15,8.49751,4.07254,1.27238,285.485,463.912,68.4281,126.453,4598.67,2.086538130994416,4.42497,1.6249960593376183,0.06207990571186887,6.423785,1.195951,72.091395
DB1-Uio66Zr-BDC_A-DABCO_A_No16,0.015,6.6053,2.90495,1.33217,0.0,0.0,55.6278,124.641,2235.84,2.273808499285702,3.70035,,0.0,11.025696,2.74447,549.86123
DB1-Uio66Zr-BDC_A-DABCO_A_No16,0.15,6.6053,2.90495,1.33217,0.0,0.0,55.6278,124.641,2235.84,2.273808499285702,3.70035,,0.0,10.146596,4.78224,240.072225
DB1-Uio66Zr-irmof10_A-irmof14_A_No191,0.015,10.06126,4.37171,0.893166,781.368,905.323,0.0,0.0,4791.32,2.301447259767917,5.6895500000000006,1.1586384392501357,0.16307990282427393,5.504283,0.087577,4.133675
DB1-Uio66Zr-irmof10_A-irmof14_A_No191,0.15,10.06126,4.37171,0.893166,781.368,905.323,0.0,0.0,4791.32,2.301447259767917,5.6895500000000006,1.1586384392501357,0.16307990282427393,5.34501,0.94466,37.19214
DB1-Uio66Zr-BDC_A-irmof6_A_No143,0.015,7.31796,3.26046,1.50032,0.0,0.0,102.402,209.421,2235.84,2.244456303711746,4.0575,,0.0,7.165844,0.37483,106.58785
DB1-Uio66Zr-BDC_A-irmof6_A_No143,0.15,7.31796,3.26046,1.50032,0.0,0.0,102.402,209.421,2235.84,2.244456303711746,4.0575,,0.0,8.043729,1.866573,118.369765
DB1-Uio66Zr-irmof6_A-irmof7_A_No160,0.015,6.39507,2.76469,1.48055,0.0,0.0,77.6965,169.393,2283.85,2.313123713689419,3.6303799999999997,,0.0,8.65112,1.378941,341.096195
DB1-Uio66Zr-irmof6_A-irmof7_A_No160,0.15,6.39507,2.76469,1.48055,0.0,0.0,77.6965,169.393,2283.85,2.313123713689419,3.6303799999999997,,0.0,9.394027,3.480045,273.25906
DB1-Uio66Zr-irmof10_A-irmof14_A_No41,0.015,10.06126,6.56005,1.03476,999.469,903.618,0.0,0.0,4791.32,1.533716968620666,3.5012100000000004,0.9040980760783976,0.20859992653381534,5.70335,0.111952,5.392885
DB1-Uio66Zr-irmof10_A-irmof14_A_No41,0.15,10.06126,6.56005,1.03476,999.469,903.618,0.0,0.0,4791.32,1.533716968620666,3.5012100000000004,0.9040980760783976,0.20859992653381534,5.375014,0.912349,40.978355
DB1-Uio66Zr-irmof6_A-NiC4_No14,0.015,7.35916,2.25975,1.51979,0.0,0.0,175.4,320.788,4567.71,3.2566257329350594,5.099410000000001,,0.0,8.060325,1.016315,232.40549
DB1-Uio66Zr-irmof6_A-NiC4_No14,0.15,7.35916,2.25975,1.51979,0.0,0.0,175.4,320.788,4567.71,3.2566257329350594,5.099410000000001,,0.0,8.709032,2.903469,245.29837
DB1-Uio66Zr-irmof6_A_No8,0.015,7.35932,2.61213,1.51549,0.0,0.0,83.7715,161.134,2283.85,2.817363607477423,4.74719,,0.0,8.237336,1.124632,284.05473
DB1-Uio66Zr-irmof6_A_No8,0.15,7.35932,2.61213,1.51549,0.0,0.0,83.7715,161.134,2283.85,2.817363607477423,4.74719,,0.0,8.197837,3.119541,281.659055
DB1-Uio66Zr-BDC_A_No22,0.015,7.33694,3.05058,1.63691,0.0,0.0,75.8398,148.043,2235.84,2.4050967357027186,4.28636,,0.0,7.584463,0.467434,144.704485
DB1-Uio66Zr-BDC_A_No22,0.15,7.33694,3.05058,1.63691,0.0,0.0,75.8398,148.043,2235.84,2.4050967357027186,4.28636,,0.0,8.256848,1.948521,149.56708
DB1-Uio66Zr-BDC_A-irmof7_A_No351,0.015,6.46004,3.04284,1.63102,0.0,0.0,56.5668,139.19,2235.84,2.1230298011068607,3.4172000000000002,,0.0,7.250057,0.529698,157.52735
DB1-Uio66Zr-BDC_A-irmof7_A_No351,0.15,6.46004,3.04284,1.63102,0.0,0.0,56.5668,139.19,2235.84,2.1230298011068607,3.4172000000000002,,0.0,8.455006,2.20688,186.377025
DB1-Uio66Zr-DPAC_A_No15,0.015,13.44287,8.57518,0.674027,2296.74,1325.52,0.0,0.0,6880.59,1.567648725741034,4.86769,0.5771310640298859,0.33379986309313586,5.370912,0.067327,2.39971
DB1-Uio66Zr-DPAC_A_No15,0.15,13.44287,8.57518,0.674027,2296.74,1325.52,0.0,0.0,6880.59,1.567648725741034,4.86769,0.5771310640298859,0.33379986309313586,5.357672,0.646324,25.039925
DB1-Uio66Zr-irmof10_A-irmof14_A_No478,0.015,10.06126,5.10407,0.830934,870.87,995.685,0.0,0.0,4791.32,1.97122296520228,4.957190000000001,1.1433221950463328,0.18175993254468498,5.539784,0.114885,4.964395
DB1-Uio66Zr-irmof10_A-irmof14_A_No478,0.15,10.06126,5.10407,0.830934,870.87,995.685,0.0,0.0,4791.32,1.97122296520228,4.957190000000001,1.1433221950463328,0.18175993254468498,5.111308,0.92078,31.028035
DB1-Uio66Zr-irmof10_A-irmof14_A_No350,0.015,10.06126,3.60259,0.83871,0.0,0.0,600.831,642.054,4791.32,2.7927851906545014,6.458670000000001,,0.0,8.641259,1.342783,136.07757
DB1-Uio66Zr-irmof10_A-irmof14_A_No350,0.15,10.06126,3.60259,0.83871,0.0,0.0,600.831,642.054,4791.32,2.7927851906545014,6.458670000000001,,0.0,8.24624,8.442321,190.100015
DB1-Uio66Zr-BDC_A-irmof7_A_No150,0.015,6.27074,3.5112,1.46781,0.0,0.0,82.9051,210.166,2235.84,1.7859250398724082,2.75954,,0.0,7.750948,0.421053,119.609165
DB1-Uio66Zr-BDC_A-irmof7_A_No150,0.15,6.27074,3.5112,1.46781,0.0,0.0,82.9051,210.166,2235.84,1.7859250398724082,2.75954,,0.0,7.713323,1.933005,136.301585
DB1-Uio66Zr-BDC_A-irmof7_A_No110,0.015,6.5322,2.25166,1.54826,0.0,0.0,57.5059,143.589,2235.84,2.9010596626488896,4.280539999999999,,0.0,8.79184,2.081191,570.136915
DB1-Uio66Zr-BDC_A-irmof7_A_No110,0.15,6.5322,2.25166,1.54826,0.0,0.0,57.5059,143.589,2235.84,2.9010596626488896,4.280539999999999,,0.0,10.404191,3.236371,302.081425
DB1-Uio66Zr-BDC_A-irmof6_A_No82,0.015,7.31796,2.41743,1.86348,0.0,0.0,82.0554,160.854,2235.84,3.027165212643179,4.90053,,0.0,7.556691,0.446472,157.160155
DB1-Uio66Zr-BDC_A-irmof6_A_No82,0.15,7.31796,2.41743,1.86348,0.0,0.0,82.0554,160.854,2235.84,3.027165212643179,4.90053,,0.0,7.816776,1.74207,155.566435
DB1-Uio66Zr-irmof10_A-irmof14_A_No136,0.015,10.06126,6.56005,0.822403,1033.1,898.014,0.0,0.0,4791.32,1.533716968620666,3.5012100000000004,0.8692420869228537,0.2156190778324136,5.756282,0.181377,10.149225
DB1-Uio66Zr-irmof10_A-irmof14_A_No136,0.15,10.06126,6.56005,0.822403,1033.1,898.014,0.0,0.0,4791.32,1.533716968620666,3.5012100000000004,0.8692420869228537,0.2156190778324136,5.946812,1.284213,45.934065
DB1-Uio66Zr-BDC_A-irmof6_A_No416,0.015,7.31796,0.49925,1.99044,0.0,0.0,74.4536,135.526,2235.84,14.657906860290435,6.81871,,0.0,9.599149,1.030095,324.02341
DB1-Uio66Zr-BDC_A-irmof6_A_No416,0.15,7.31796,0.49925,1.99044,0.0,0.0,74.4536,135.526,2235.84,14.657906860290435,6.81871,,0.0,8.528869,2.291665,229.633385
DB1-Uio66Zr-BDC_A-irmof7_A_No422,0.015,6.32717,2.9609,1.64167,0.0,0.0,50.2617,120.91,2235.84,2.136907696984025,3.3662699999999997,,0.0,8.662459,1.100354,300.575145
DB1-Uio66Zr-BDC_A-irmof7_A_No422,0.15,6.32717,2.9609,1.64167,0.0,0.0,50.2617,120.91,2235.84,2.136907696984025,3.3662699999999997,,0.0,9.470072,3.106978,233.414325
DB1-Uio66Zr-BDC_A-irmof6_A_No456,0.015,7.31796,3.57783,1.32579,0.0,0.0,122.39,232.518,2235.84,2.0453626919110186,3.74013,,0.0,6.742235,0.353064,95.492775
DB1-Uio66Zr-BDC_A-irmof6_A_No456,0.15,7.31796,3.57783,1.32579,0.0,0.0,122.39,232.518,2235.84,2.0453626919110186,3.74013,,0.0,6.95893,2.131475,126.01986
DB1-Uio66Zr-BDC_A-irmof7_A_No320,0.015,6.46004,2.68239,1.51986,0.0,0.0,67.5672,157.307,2235.84,2.408314972841384,3.7776500000000004,,0.0,8.545935,1.12019,300.371845
DB1-Uio66Zr-BDC_A-irmof7_A_No320,0.15,6.46004,2.68239,1.51986,0.0,0.0,67.5672,157.307,2235.84,2.408314972841384,3.7776500000000004,,0.0,7.427369,2.831857,232.18811
DB1-Uio66Zr-BDC_A-irmof7_A_No360,0.015,7.04707,3.27282,1.41272,0.0,0.0,88.0922,206.655,2235.84,2.15321038126142,3.77425,,0.0,7.603568,0.627053,162.399815
DB1-Uio66Zr-BDC_A-irmof7_A_No360,0.15,7.04707,3.27282,1.41272,0.0,0.0,88.0922,206.655,2235.84,2.15321038126142,3.77425,,0.0,7.138842,2.821548,184.02944
DB1-Uio66Zr-BDC_A-irmof6_A_No54,0.015,7.31796,2.44882,1.85159,0.0,0.0,82.3684,160.293,2235.84,2.9883617415734927,4.86914,,0.0,7.587448,0.424585,147.49748
DB1-Uio66Zr-BDC_A-irmof6_A_No54,0.15,7.31796,2.44882,1.85159,0.0,0.0,82.3684,160.293,2235.84,2.9883617415734927,4.86914,,0.0,7.125587,1.674898,148.8331
DB1-Uio66Zr-BDC_A-DABCO_A_No27,0.015,6.6053,2.97002,1.54804,0.0,0.0,54.644,122.324,2235.84,2.2239917576312616,3.63528,,0.0,7.294842,0.554798,161.297855
DB1-Uio66Zr-BDC_A-DABCO_A_No27,0.15,6.6053,2.97002,1.54804,0.0,0.0,54.644,122.324,2235.84,2.2239917576312616,3.63528,,0.0,8.402618,2.370151,155.408915
DB1-Uio66Zr-BDC_A-irmof6_A_No94,0.015,7.31796,2.25297,1.47659,0.0,0.0,91.6248,179.348,2235.84,3.248139123024275,5.06499,,0.0,7.642083,0.874309,228.859835
DB1-Uio66Zr-BDC_A-irmof6_A_No94,0.15,7.31796,2.25297,1.47659,0.0,0.0,91.6248,179.348,2235.84,3.248139123024275,5.06499,,0.0,9.561123,2.744503,219.43502
DB1-Uio66Zr-BDC_A-TED_A_No8,0.015,6.24634,2.95173,1.51553,0.0,0.0,67.2542,151.375,2235.84,2.1161623861261023,3.29461,,0.0,7.142622,0.306554,87.06595
DB1-Uio66Zr-BDC_A-TED_A_No8,0.15,6.24634,2.95173,1.51553,0.0,0.0,67.2542,151.375,2235.84,2.1161623861261023,3.29461,,0.0,7.379042,1.440157,112.61134
DB1-Uio66Zr-irmof10_A_No3,0.015,12.19583,6.56407,0.793296,1147.81,903.9,0.0,0.0,4791.32,1.857967693824106,5.631760000000001,0.7874996732908757,0.23956028818780628,5.867025,0.132343,4.910325
DB1-Uio66Zr-irmof10_A_No3,0.15,12.19583,6.56407,0.793296,1147.81,903.9,0.0,0.0,4791.32,1.857967693824106,5.631760000000001,0.7874996732908757,0.23956028818780628,5.659754,1.3444,49.74537
DB1-Uio66Zr-BDC_A-irmof6_A_No145,0.015,7.31796,2.72463,1.62823,0.0,0.0,86.8849,171.604,2235.84,2.6858545931007147,4.59333,,0.0,7.064374,0.463875,143.759415
DB1-Uio66Zr-BDC_A-irmof6_A_No145,0.15,7.31796,2.72463,1.62823,0.0,0.0,86.8849,171.604,2235.84,2.6858545931007147,4.59333,,0.0,7.68048,1.935546,155.14333
DB1-Uio66Zr-BDC_A-irmof7_A_No131,0.015,6.25233,2.71718,1.83587,0.0,0.0,60.9938,147.611,2235.84,2.3010363685880213,3.53515,,0.0,8.367836,0.913168,285.909055
DB1-Uio66Zr-BDC_A-irmof7_A_No131,0.15,6.25233,2.71718,1.83587,0.0,0.0,60.9938,147.611,2235.84,2.3010363685880213,3.53515,,0.0,8.687729,2.234102,214.31747
DB1-Uio66Zr-BDC_A-irmof7_A_No397,0.015,7.04211,3.26166,1.582,0.0,0.0,82.279,179.089,2235.84,2.159057044572396,3.78045,,0.0,8.810766,1.408913,377.67352
DB1-Uio66Zr-BDC_A-irmof7_A_No397,0.15,7.04211,3.26166,1.582,0.0,0.0,82.279,179.089,2235.84,2.159057044572396,3.78045,,0.0,10.346239,3.743483,316.16399
DB1-Uio66Zr-irmof6_A-imdb_No4,0.015,7.35916,2.21393,1.38468,0.0,0.0,202.258,375.974,4567.71,3.3240256015321172,5.14523,,0.0,7.996131,1.256182,242.171445
DB1-Uio66Zr-irmof6_A-imdb_No4,0.15,7.35916,2.21393,1.38468,0.0,0.0,202.258,375.974,4567.71,3.3240256015321172,5.14523,,0.0,8.073681,3.309359,236.312885
DB1-Uio66Zr-BDC_A_No24,0.015,7.33135,3.70023,1.30718,0.0,0.0,134.732,246.52,2235.84,1.981322782637836,3.6311199999999997,,0.0,6.55053,0.267218,55.77495
DB1-Uio66Zr-BDC_A_No24,0.15,7.33135,3.70023,1.30718,0.0,0.0,134.732,246.52,2235.84,1.981322782637836,3.6311199999999997,,0.0,6.806363,1.942478,109.124895
DB1-Uio66Zr-irmof10_A-irmof14_A_No157,0.015,10.06126,6.56005,0.918738,994.486,903.718,0.0,0.0,4791.32,1.533716968620666,3.5012100000000004,0.9087287302184244,0.20755992085688288,5.942466,0.111589,5.96503
DB1-Uio66Zr-irmof10_A-irmof14_A_No157,0.15,10.06126,6.56005,0.918738,994.486,903.718,0.0,0.0,4791.32,1.533716968620666,3.5012100000000004,0.9087287302184244,0.20755992085688288,5.336043,0.884244,38.81092
DB1-Uio66Zr-irmof20_A_No6,0.015,8.33703,4.44183,1.17744,375.744,526.583,0.0,0.0,3163.9,1.876935857518185,3.8952,1.4014408746380513,0.11875975852586998,5.847627,0.10666,5.74027
DB1-Uio66Zr-irmof20_A_No6,0.15,8.33703,4.44183,1.17744,375.744,526.583,0.0,0.0,3163.9,1.876935857518185,3.8952,1.4014408746380513,0.11875975852586998,5.948029,0.910926,44.582705
DB1-Uio66Zr-BDC_A-irmof6_A_No421,0.015,7.31796,1.16686,1.93548,0.0,0.0,74.7219,136.011,2235.84,6.271497866067909,6.1511000000000005,,0.0,8.110932,0.985227,320.601585
DB1-Uio66Zr-BDC_A-irmof6_A_No421,0.15,7.31796,1.16686,1.93548,0.0,0.0,74.7219,136.011,2235.84,6.271497866067909,6.1511000000000005,,0.0,9.002023,2.154588,213.457715
DB1-Uio66Zr-BDC_A-irmof7_A_No20,0.015,6.46004,2.68239,1.49609,0.0,0.0,67.6119,161.242,2235.84,2.408314972841384,3.7776500000000004,,0.0,8.601734,1.122999,312.23403
DB1-Uio66Zr-BDC_A-irmof7_A_No20,0.15,6.46004,2.68239,1.49609,0.0,0.0,67.6119,161.242,2235.84,2.408314972841384,3.7776500000000004,,0.0,8.071809,2.766306,225.193855
DB1-Uio66Zr-irmof10_A-irmof14_A_No11,0.015,10.75269,6.56005,0.803648,1094.34,945.594,0.0,0.0,4791.32,1.6391170799003054,4.192639999999999,0.8640769779044905,0.2284005242814089,6.152685,0.153687,8.057865
DB1-Uio66Zr-irmof10_A-irmof14_A_No11,0.15,10.75269,6.56005,0.803648,1094.34,945.594,0.0,0.0,4791.32,1.6391170799003054,4.192639999999999,0.8640769779044905,0.2284005242814089,5.728702,1.218784,46.6258
DB1-Uio66Zr-irmof10_A-irmof14_A_No367,0.015,10.06126,4.61046,0.823094,798.808,889.143,0.0,0.0,4791.32,2.1822681467792804,5.450800000000001,1.1130872500025037,0.16671981833816152,6.317341,0.196949,9.79398
DB1-Uio66Zr-irmof10_A-irmof14_A_No367,0.15,10.06126,4.61046,0.823094,798.808,889.143,0.0,0.0,4791.32,2.1822681467792804,5.450800000000001,1.1130872500025037,0.16671981833816152,5.821546,1.312121,46.07326
DB1-Uio66Zr-irmof14_A_No1,0.015,10.66289,4.98036,0.841343,847.428,911.646,0.0,0.0,4754.42,2.1409878000787095,5.682530000000001,1.0757798892649286,0.17824003769124308,5.52663,0.132973,6.21207
DB1-Uio66Zr-irmof14_A_No1,0.15,10.66289,4.98036,0.841343,847.428,911.646,0.0,0.0,4754.42,2.1409878000787095,5.682530000000001,1.0757798892649286,0.17824003769124308,5.927876,1.513713,48.63742
DB1-Uio66Zr-BDC_A-irmof7_A_No420,0.015,6.46004,2.9609,1.59414,0.0,0.0,53.7497,127.332,2235.84,2.1817825661116554,3.49914,,0.0,9.224318,1.053316,285.135425
DB1-Uio66Zr-BDC_A-irmof7_A_No420,0.15,6.46004,2.9609,1.59414,0.0,0.0,53.7497,127.332,2235.84,2.1817825661116554,3.49914,,0.0,9.784438,3.021949,216.489475
DB1-Uio66Zr-BDC_A-irmof7_A_No149,0.015,6.25233,2.71718,1.80701,0.0,0.0,60.6808,145.637,2235.84,2.3010363685880213,3.53515,,0.0,8.677674,0.919172,277.45646
DB1-Uio66Zr-BDC_A-irmof7_A_No149,0.15,6.25233,2.71718,1.80701,0.0,0.0,60.6808,145.637,2235.84,2.3010363685880213,3.53515,,0.0,7.685439,2.363353,239.355595
DB1-Uio66Zr-BDC_A-irmof7_A_No109,0.015,6.54588,2.25401,1.44408,0.0,0.0,64.2134,168.579,2235.84,2.9041042408862427,4.29187,,0.0,8.309138,0.885856,228.791755
DB1-Uio66Zr-BDC_A-irmof7_A_No109,0.15,6.54588,2.25401,1.44408,0.0,0.0,64.2134,168.579,2235.84,2.9041042408862427,4.29187,,0.0,8.455295,2.702938,216.617335
DB1-Uio66Zr-BDC_A-irmof6_A_No233,0.015,7.31796,3.43092,1.44241,0.0,0.0,79.9537,177.853,2235.84,2.1329439334056173,3.8870400000000003,,0.0,7.434365,0.54773,148.88138
DB1-Uio66Zr-BDC_A-irmof6_A_No233,0.15,7.31796,3.43092,1.44241,0.0,0.0,79.9537,177.853,2235.84,2.1329439334056173,3.8870400000000003,,0.0,7.661529,2.541367,165.45946
DB1-Uio66Zr-irmof10_A-irmof14_A_No312,0.015,10.06126,3.23877,0.837343,0.0,0.0,593.453,628.765,4791.32,3.1065064823991824,6.82249,,0.0,7.770175,1.040872,113.274225
DB1-Uio66Zr-irmof10_A-irmof14_A_No312,0.15,10.06126,3.23877,0.837343,0.0,0.0,593.453,628.765,4791.32,3.1065064823991824,6.82249,,0.0,8.706366,8.079503,192.5617
DB1-Uio66Zr-irmof10_A-irmof14_A_No406,0.015,10.06126,4.61046,0.825827,823.436,915.647,0.0,0.0,4791.32,2.1822681467792804,5.450800000000001,1.1119832020946376,0.17185994673701613,5.39602,0.111879,4.745755
DB1-Uio66Zr-irmof10_A-irmof14_A_No406,0.15,10.06126,4.61046,0.825827,823.436,915.647,0.0,0.0,4791.32,2.1822681467792804,5.450800000000001,1.1119832020946376,0.17185994673701613,5.70099,1.071324,39.438255
DB1-Uio66Zr-BDC_A-irmof7_A_No287,0.015,6.22741,2.01443,1.51693,0.0,0.0,59.2946,149.049,2235.84,3.091400545067339,4.21298,,0.0,8.620052,1.206885,328.527745
DB1-Uio66Zr-BDC_A-irmof7_A_No287,0.15,6.22741,2.01443,1.51693,0.0,0.0,59.2946,149.049,2235.84,3.091400545067339,4.21298,,0.0,9.169772,2.728773,234.7217
DB1-Uio66Zr-BDC_A-irmof6_A_No96,0.015,7.31796,2.25052,1.58077,0.0,0.0,89.5231,172.145,2235.84,3.2516751684055243,5.06744,,0.0,10.178736,2.281401,581.69633
DB1-Uio66Zr-BDC_A-irmof6_A_No96,0.15,7.31796,2.25052,1.58077,0.0,0.0,89.5231,172.145,2235.84,3.2516751684055243,5.06744,,0.0,10.958367,3.722667,458.64221
DB1-Uio66Zr-BDC_A-imdb_No5,0.015,7.33179,3.48401,1.38937,0.0,0.0,236.016,465.225,4471.7,2.1044112961788284,3.8477799999999998,,0.0,6.628329,0.257729,29.296985
DB1-Uio66Zr-BDC_A-imdb_No5,0.15,7.33179,3.48401,1.38937,0.0,0.0,236.016,465.225,4471.7,2.1044112961788284,3.8477799999999998,,0.0,6.322959,1.655464,96.63718
DB1-Uio66Zr-BDC_A-irmof7_A_No291,0.015,6.22964,3.65413,1.39419,0.0,0.0,88.9865,220.833,2235.84,1.7048216675378272,2.57551,,0.0,7.579307,0.586994,153.43966
DB1-Uio66Zr-BDC_A-irmof7_A_No291,0.15,6.22964,3.65413,1.39419,0.0,0.0,88.9865,220.833,2235.84,1.7048216675378272,2.57551,,0.0,7.489382,2.491883,157.8842
DB1-Uio66Zr-irmof10_A-irmof14_A_No29,0.015,10.06126,6.56005,0.772425,1087.25,969.573,0.0,0.0,4791.32,1.533716968620666,3.5012100000000004,0.8917663830765693,0.22692076505013234,5.440807,0.137109,5.625525
DB1-Uio66Zr-irmof10_A-irmof14_A_No29,0.15,10.06126,6.56005,0.772425,1087.25,969.573,0.0,0.0,4791.32,1.533716968620666,3.5012100000000004,0.8917663830765693,0.22692076505013234,5.689508,0.963657,36.32899
DB1-Uio66Zr-BDC_A-irmof7_A_No2,0.015,6.46004,3.42594,1.56604,0.0,0.0,86.393,216.971,2235.84,1.8856255509436826,3.0341,,0.0,7.10796,0.316483,83.97927
DB1-Uio66Zr-BDC_A-irmof7_A_No2,0.15,6.46004,3.42594,1.56604,0.0,0.0,86.393,216.971,2235.84,1.8856255509436826,3.0341,,0.0,7.343101,1.980008,144.729875
DB1-Uio66Zr-irmof12_A-irmof14_A_No3,0.015,8.99832,3.96604,0.940255,584.089,736.377,0.0,0.0,4847.21,2.2688424725923086,5.03228,1.2607273891478865,0.12050004022932781,6.401792,0.177107,7.70542
DB1-Uio66Zr-irmof12_A-irmof14_A_No3,0.15,8.99832,3.96604,0.940255,584.089,736.377,0.0,0.0,4847.21,2.2688424725923086,5.03228,1.2607273891478865,0.12050004022932781,6.081134,1.333703,55.30594
DB1-Uio66Zr-irmof6_A-irmof7_A_No18,0.015,6.52202,2.79812,1.45729,0.0,0.0,81.3963,171.502,2283.85,2.3308578617071465,3.7239000000000004,,0.0,7.803338,1.224657,308.18977
DB1-Uio66Zr-irmof6_A-irmof7_A_No18,0.15,6.52202,2.79812,1.45729,0.0,0.0,81.3963,171.502,2283.85,2.3308578617071465,3.7239000000000004,,0.0,9.212994,3.486947,263.978795
DB1-Uio66Zr-DPAC_A_No11,0.015,12.71503,6.33755,0.646329,2084.82,1496.11,0.0,0.0,6880.59,2.006300542007558,6.37748,0.7176207058642952,0.30300017876373975,4.834064,0.050743,1.733235
DB1-Uio66Zr-DPAC_A_No11,0.15,12.71503,6.33755,0.646329,2084.82,1496.11,0.0,0.0,6880.59,2.006300542007558,6.37748,0.7176207058642952,0.30300017876373975,4.53661,0.34521,8.607485
DB1-Uio66Zr-BDC_A-irmof6_A_No187,0.015,7.31796,3.46205,1.39501,0.0,0.0,108.081,220.03,2235.84,2.1137649658439366,3.85591,,0.0,6.680324,0.301948,59.95217
DB1-Uio66Zr-BDC_A-irmof6_A_No187,0.15,7.31796,3.46205,1.39501,0.0,0.0,108.081,220.03,2235.84,2.1137649658439366,3.85591,,0.0,6.876732,1.84129,106.38271
DB1-Uio66Zr-BDC_A-irmof7_A_No74,0.015,6.46004,2.93218,1.88278,0.0,0.0,63.7662,159.634,2235.84,2.203152603182615,3.5278600000000004,,0.0,7.588458,0.502145,175.03398
DB1-Uio66Zr-BDC_A-irmof7_A_No74,0.15,6.46004,2.93218,1.88278,0.0,0.0,63.7662,159.634,2235.84,2.203152603182615,3.5278600000000004,,0.0,8.064432,1.827926,175.325105
DB1-Uio66Zr-DPAC_A_No4,0.015,11.89626,5.72587,1.00355,1567.95,1277.68,0.0,0.0,6880.59,2.077633617249431,6.17039,0.814872923243726,0.22788016725309893,5.024476,0.041166,2.743305
DB1-Uio66Zr-DPAC_A_No4,0.15,11.89626,5.72587,1.00355,1567.95,1277.68,0.0,0.0,6880.59,2.077633617249431,6.17039,0.814872923243726,0.22788016725309893,5.145852,0.309792,12.87397
DB1-Uio66Zr-irmof8_A_No5,0.015,8.68561,2.4142,1.14309,0.0,0.0,268.11,355.655,3454.13,3.5977176704498386,6.27141,,0.0,6.070296,0.168735,15.3134
DB1-Uio66Zr-irmof8_A_No5,0.15,8.68561,2.4142,1.14309,0.0,0.0,268.11,355.655,3454.13,3.5977176704498386,6.27141,,0.0,6.856529,1.442331,74.470295
DB1-Uio66Zr-BDC_A-irmof6_A_No61,0.015,7.31796,2.44882,1.89234,0.0,0.0,82.0554,161.57,2235.84,2.9883617415734927,4.86914,,0.0,7.404443,0.3773,132.87634
DB1-Uio66Zr-BDC_A-irmof6_A_No61,0.15,7.31796,2.44882,1.89234,0.0,0.0,82.0554,161.57,2235.84,2.9883617415734927,4.86914,,0.0,7.819573,1.67577,156.91201
DB1-Uio66Zr-irmof10_A-irmof14_A_No554,0.015,10.06126,6.00548,1.0499,808.008,855.867,0.0,0.0,4791.32,1.6753465168479456,4.05578,1.0592308491995128,0.16863995725603803,6.471612,0.252331,15.93728
DB1-Uio66Zr-irmof10_A-irmof14_A_No554,0.15,10.06126,6.00548,1.0499,808.008,855.867,0.0,0.0,4791.32,1.6753465168479456,4.05578,1.0592308491995128,0.16863995725603803,6.082446,1.911168,75.89368
DB1-Uio66Zr-irmof10_A-irmof14_A_No195,0.015,10.06126,4.37138,0.926483,719.848,845.383,0.0,0.0,4791.32,2.30162099840325,5.6898800000000005,1.1743909825407588,0.15024001736473455,5.467988,0.098065,3.50264
DB1-Uio66Zr-irmof10_A-irmof14_A_No195,0.15,10.06126,4.37138,0.926483,719.848,845.383,0.0,0.0,4791.32,2.30162099840325,5.6898800000000005,1.1743909825407588,0.15024001736473455,5.518763,1.005996,40.328995
DB1-Uio66Zr-BDC_A-irmof7_A_No358,0.015,7.04211,3.26166,1.6279,0.0,0.0,77.3154,178.356,2235.84,2.159057044572396,3.78045,,0.0,9.225834,1.360526,389.644685
DB1-Uio66Zr-BDC_A-irmof7_A_No358,0.15,7.04211,3.26166,1.6279,0.0,0.0,77.3154,178.356,2235.84,2.159057044572396,3.78045,,0.0,10.793197,3.417191,305.552695
DB1-Uio66Zr-irmof8_A_No19,0.015,8.68561,3.14977,1.22127,0.0,0.0,306.589,415.594,3454.13,2.757537851970144,5.53584,,0.0,6.330736,0.226254,20.755935
DB1-Uio66Zr-irmof8_A_No19,0.15,8.68561,3.14977,1.22127,0.0,0.0,306.589,415.594,3454.13,2.757537851970144,5.53584,,0.0,7.36429,2.334978,112.543435
DB1-Uio66Zr-irmof6_A-irmof7_A_No132,0.015,6.35607,2.10665,1.47197,0.0,0.0,66.871,154.211,2283.85,3.0171457052666555,4.24942,,0.0,8.574388,1.16818,301.84491
DB1-Uio66Zr-irmof6_A-irmof7_A_No132,0.15,6.35607,2.10665,1.47197,0.0,0.0,66.871,154.211,2283.85,3.0171457052666555,4.24942,,0.0,8.661838,2.878175,249.83156
DB1-Uio66Zr-BDC_A-irmof6_A_No438,0.015,7.31796,3.26953,1.42521,0.0,0.0,102.133,202.115,2235.84,2.23822995965781,4.04843,,0.0,7.625354,0.507124,133.052495
DB1-Uio66Zr-BDC_A-irmof6_A_No438,0.15,7.31796,3.26953,1.42521,0.0,0.0,102.133,202.115,2235.84,2.23822995965781,4.04843,,0.0,7.136295,2.668684,175.068465
DB1-Uio66Zr-irmof10_A-irmof14_A_No183,0.015,10.06126,4.37138,0.902177,749.937,874.712,0.0,0.0,4791.32,2.30162099840325,5.6898800000000005,1.1663806426406484,0.15651991517995043,5.429522,0.093392,3.518075
DB1-Uio66Zr-irmof10_A-irmof14_A_No183,0.15,10.06126,4.37138,0.902177,749.937,874.712,0.0,0.0,4791.32,2.30162099840325,5.6898800000000005,1.1663806426406484,0.15651991517995043,5.413501,0.942165,32.494505
DB1-Uio66Zr-BDC_A-irmof6_A_No191,0.015,7.31796,2.71718,1.77874,0.0,0.0,86.7507,168.756,2235.84,2.6932187046864766,4.60078,,0.0,7.984863,0.887009,252.07461
DB1-Uio66Zr-BDC_A-irmof6_A_No191,0.15,7.31796,2.71718,1.77874,0.0,0.0,86.7507,168.756,2235.84,2.6932187046864766,4.60078,,0.0,9.369759,2.260414,163.84452
DB1-Uio66Zr-BDC_A-irmof6_A_No337,0.015,7.31796,3.52783,1.42817,0.0,0.0,104.637,209.224,2235.84,2.0743516552668355,3.7901300000000004,,0.0,7.282569,0.438096,121.93339
DB1-Uio66Zr-BDC_A-irmof6_A_No337,0.15,7.31796,3.52783,1.42817,0.0,0.0,104.637,209.224,2235.84,2.0743516552668355,3.7901300000000004,,0.0,8.385985,2.493956,175.865345
DB1-Uio66Zr-irmof20_A-imdb_No3,0.015,8.34579,3.81441,1.56586,516.729,786.684,0.0,0.0,6327.81,2.18796353826673,4.531379999999999,1.5224305196727876,0.08166000559435255,6.407287,0.117251,14.982425
DB1-Uio66Zr-irmof20_A-imdb_No3,0.15,8.34579,3.81441,1.56586,516.729,786.684,0.0,0.0,6327.81,2.18796353826673,4.531379999999999,1.5224305196727876,0.08166000559435255,5.998707,1.1806,81.08929
DB1-Uio66Zr-irmof20_A-imdb_No19,0.015,8.34579,3.97657,1.16973,606.964,944.666,0.0,0.0,6327.81,2.0987408746733993,4.3692199999999985,1.5563789615199584,0.0959200734535329,6.020497,0.117513,8.403495
DB1-Uio66Zr-irmof20_A-imdb_No19,0.15,8.34579,3.97657,1.16973,606.964,944.666,0.0,0.0,6327.81,2.0987408746733993,4.3692199999999985,1.5563789615199584,0.0959200734535329,6.469702,1.300808,68.87275
DB1-Uio66Zr-BDC_A-irmof6_A_No374,0.015,7.31796,2.01589,1.50056,0.0,0.0,86.1247,166.407,2235.84,3.630138549226396,5.3020700000000005,,0.0,8.398072,1.095676,283.05888
DB1-Uio66Zr-BDC_A-irmof6_A_No374,0.15,7.31796,2.01589,1.50056,0.0,0.0,86.1247,166.407,2235.84,3.630138549226396,5.3020700000000005,,0.0,8.090538,3.036561,257.83199
DB1-Uio66Zr-irmof20_A_No7,0.015,8.33703,3.96178,1.28591,296.267,433.216,0.0,0.0,3163.9,2.104364704753924,4.37525,1.4622485798283307,0.09363981162489332,6.04182,0.122343,8.459855
DB1-Uio66Zr-irmof20_A_No7,0.15,8.33703,3.96178,1.28591,296.267,433.216,0.0,0.0,3163.9,2.104364704753924,4.37525,1.4622485798283307,0.09363981162489332,6.355853,1.192765,66.423835
DB12-acs.jpcc.6b08594_UiO66_Ce2Zr4_opt_clean,0.015,8.49751,4.07254,1.27238,285.485,463.912,68.4281,126.453,4598.67,2.086538130994416,4.42497,1.6249960593376183,0.06207990571186887,6.251532,0.174494,13.43936
DB12-acs.jpcc.6b08594_UiO66_Ce2Zr4_opt_clean,0.15,8.49751,4.07254,1.27238,285.485,463.912,68.4281,126.453,4598.67,2.086538130994416,4.42497,1.6249960593376183,0.06207990571186887,6.397846,1.197627,69.76589
DB1-Uio66Zr-irmof10_A-irmof12_A_No15,0.015,10.33496,5.10407,0.808456,892.718,1035.55,0.0,0.0,4791.32,2.024846837915624,5.2308900000000005,1.159996773897244,0.18631984505313776,5.096495,0.08375,3.38769
DB1-Uio66Zr-irmof10_A-irmof12_A_No15,0.15,10.33496,5.10407,0.808456,892.718,1035.55,0.0,0.0,4791.32,2.024846837915624,5.2308900000000005,1.159996773897244,0.18631984505313776,5.449835,1.043031,38.255355
DB1-Uio66Zr-BDC_A-NiC4_No20,0.015,7.33179,3.68022,1.30717,0.0,0.0,270.538,509.905,4471.7,1.9922151393123237,3.65157,,0.0,6.756732,0.252448,19.25947
DB1-Uio66Zr-BDC_A-NiC4_No20,0.15,7.33179,3.68022,1.30717,0.0,0.0,270.538,509.905,4471.7,1.9922151393123237,3.65157,,0.0,7.026563,2.01432,116.603915
DB1-Uio66Zr-irmof6_A-irmof7_A_No16,0.015,6.52202,2.12478,1.66813,0.0,0.0,59.3343,133.19,2283.85,3.069503666261919,4.39724,,0.0,9.003319,1.175952,331.42443
DB1-Uio66Zr-irmof6_A-irmof7_A_No16,0.15,6.52202,2.12478,1.66813,0.0,0.0,59.3343,133.19,2283.85,3.069503666261919,4.39724,,0.0,8.394225,2.532268,225.45468
DB1-Uio66Zr-irmof10_A-irmof14_A_No501,0.015,10.06126,5.10407,0.827874,849.501,971.385,0.0,0.0,4791.32,1.97122296520228,4.957190000000001,1.1434771707155142,0.17729999248641293,5.803172,0.142434,6.354115
DB1-Uio66Zr-irmof10_A-irmof14_A_No501,0.15,10.06126,5.10407,0.827874,849.501,971.385,0.0,0.0,4791.32,1.97122296520228,4.957190000000001,1.1434771707155142,0.17729999248641293,5.152521,1.057556,41.726705
DB1-Uio66Zr-irmof10_A-irmof14_A_No326,0.015,10.06126,3.23877,0.88863,0.0,0.0,579.654,596.359,4791.32,3.1065064823991824,6.82249,,0.0,9.089367,3.102096,229.56879
DB1-Uio66Zr-irmof10_A-irmof14_A_No326,0.15,10.06126,3.23877,0.88863,0.0,0.0,579.654,596.359,4791.32,3.1065064823991824,6.82249,,0.0,8.535786,10.282966,197.99991
DB1-Uio66Zr-irmof6_A-NiC4_No13,0.015,7.35916,2.10672,1.4545,0.0,0.0,191.57,358.596,4567.71,3.4931837168679274,5.25244,,0.0,7.661302,1.253356,253.94922
DB1-Uio66Zr-irmof6_A-NiC4_No13,0.15,7.35916,2.10672,1.4545,0.0,0.0,191.57,358.596,4567.71,3.4931837168679274,5.25244,,0.0,9.245899,3.162384,240.18276
DB1-Uio66Zr-BDC_A-irmof6_A_No144,0.015,7.31796,2.73576,1.56964,0.0,0.0,87.5556,173.585,2235.84,2.6749276252302834,4.5822,,0.0,7.041529,0.39909,118.539165
DB1-Uio66Zr-BDC_A-irmof6_A_No144,0.15,7.31796,2.73576,1.56964,0.0,0.0,87.5556,173.585,2235.84,2.6749276252302834,4.5822,,0.0,7.035854,1.814747,126.82285
DB1-Uio66Zr-BDC_A-irmof6_A_No476,0.015,7.31796,3.25594,1.55233,0.0,0.0,90.5516,181.668,2235.84,2.24757212970755,4.06202,,0.0,9.840965,1.634446,447.96531
DB1-Uio66Zr-BDC_A-irmof6_A_No476,0.15,7.31796,3.25594,1.55233,0.0,0.0,90.5516,181.668,2235.84,2.24757212970755,4.06202,,0.0,11.284877,3.845084,344.564515
DB1-Uio66Zr-irmof10_A-irmof14_A_No161,0.015,10.06126,6.56005,0.901492,992.665,918.525,0.0,0.0,4791.32,1.533716968620666,3.5012100000000004,0.9253121647282819,0.2071798585775945,5.24692,0.109277,4.586475
DB1-Uio66Zr-irmof10_A-irmof14_A_No161,0.15,10.06126,6.56005,0.901492,992.665,918.525,0.0,0.0,4791.32,1.533716968620666,3.5012100000000004,0.9253121647282819,0.2071798585775945,5.426457,0.892581,34.504895
DB1-Uio66Zr-irmof8_A_No20,0.015,8.68561,2.05539,1.40625,0.0,0.0,217.472,272.217,3454.13,4.225772237872132,6.6302200000000004,,0.0,7.704342,0.671011,153.570285
DB1-Uio66Zr-irmof8_A_No20,0.15,8.68561,2.05539,1.40625,0.0,0.0,217.472,272.217,3454.13,4.225772237872132,6.6302200000000004,,0.0,8.170085,3.451397,254.450815
DB1-Uio66Zr-BDC_A-irmof7_A_No40,0.015,8.20991,3.85252,1.32059,151.635,263.554,0.0,0.0,2235.84,2.1310492872197937,4.3573900000000005,1.7380815774722194,0.06782014813224559,6.882434,0.365587,98.89962
DB1-Uio66Zr-BDC_A-irmof7_A_No40,0.15,8.20991,3.85252,1.32059,151.635,263.554,0.0,0.0,2235.84,2.1310492872197937,4.3573900000000005,1.7380815774722194,0.06782014813224559,6.861476,1.967223,107.626135
DB1-Uio66Zr-BDC_A-irmof6_A_No355,0.015,7.31796,3.52783,1.37635,0.0,0.0,101.373,205.466,2235.84,2.0743516552668355,3.7901300000000004,,0.0,7.294013,0.489404,132.478325
DB1-Uio66Zr-BDC_A-irmof6_A_No355,0.15,7.31796,3.52783,1.37635,0.0,0.0,101.373,205.466,2235.84,2.0743516552668355,3.7901300000000004,,0.0,8.219048,2.61005,171.129495
DB1-Uio66Zr-BDC_A-irmof6_A_No173,0.015,7.31796,2.72463,1.52733,0.0,0.0,81.966,165.581,2235.84,2.6858545931007147,4.59333,,0.0,8.647452,0.796748,208.88477
DB1-Uio66Zr-BDC_A-irmof6_A_No173,0.15,7.31796,2.72463,1.52733,0.0,0.0,81.966,165.581,2235.84,2.6858545931007147,4.59333,,0.0,8.198417,2.817179,227.58719
DB1-Uio66Zr-BDC_A-imd_No22,0.015,7.33179,3.27173,1.52105,0.0,0.0,206.324,392.922,4471.7,2.2409520345505283,4.06006,,0.0,8.998054,1.42683,317.579515
DB1-Uio66Zr-BDC_A-imd_No22,0.15,7.33179,3.27173,1.52105,0.0,0.0,206.324,392.922,4471.7,2.2409520345505283,4.06006,,0.0,7.928213,4.319813,343.23607
DB1-Uio66Zr-irmof6_A-irmof7_A_No4,0.015,6.52202,2.40054,1.39196,0.0,0.0,80.7111,179.065,2283.85,2.716897031501246,4.12148,,0.0,8.135191,1.104342,276.108195
DB1-Uio66Zr-irmof6_A-irmof7_A_No4,0.15,6.52202,2.40054,1.39196,0.0,0.0,80.7111,179.065,2283.85,2.716897031501246,4.12148,,0.0,8.756089,3.211804,239.22314
DB1-Uio66Zr-BDC_A-irmof6_A_No95,0.015,7.31796,2.25052,1.52217,0.0,0.0,90.0597,170.756,2235.84,3.2516751684055243,5.06744,,0.0,9.820397,2.399127,623.15497
DB1-Uio66Zr-BDC_A-irmof6_A_No95,0.15,7.31796,2.25052,1.52217,0.0,0.0,90.0597,170.756,2235.84,3.2516751684055243,5.06744,,0.0,9.974339,3.700873,341.948245
DB1-Uio66Zr-BDC_A-irmof6_A_No395,0.015,7.31796,3.04373,1.61499,0.0,0.0,76.4658,147.501,2235.84,2.4042737036465125,4.27423,,0.0,7.476561,0.510943,156.013225
DB1-Uio66Zr-BDC_A-irmof6_A_No395,0.15,7.31796,3.04373,1.61499,0.0,0.0,76.4658,147.501,2235.84,2.4042737036465125,4.27423,,0.0,8.818141,2.073699,156.74798
DB1-Uio66Zr-BDC_A-NiC4_No1,0.015,8.69308,3.84796,1.23588,342.89,580.944,0.0,0.0,4471.7,2.2591399078992507,4.84512,1.6942576336434425,0.0766800098396583,6.419502,0.189471,16.71761
DB1-Uio66Zr-BDC_A-NiC4_No1,0.15,8.69308,3.84796,1.23588,342.89,580.944,0.0,0.0,4471.7,2.2591399078992507,4.84512,1.6942576336434425,0.0766800098396583,6.640763,1.415235,76.517435
DB1-Uio66Zr-irmof20_A_No19,0.015,8.33703,3.97661,1.16974,306.708,465.447,0.0,0.0,3163.9,2.0965168824702447,4.36042,1.5175574161743417,0.09693985271342331,5.496073,0.095467,6.49271
DB1-Uio66Zr-irmof20_A_No19,0.15,8.33703,3.97661,1.16974,306.708,465.447,0.0,0.0,3163.9,2.0965168824702447,4.36042,1.5175574161743417,0.09693985271342331,6.242616,1.243265,66.65087
DB1-Uio66Zr-BDC_A-irmof6_A_No18,0.015,7.31796,3.65413,1.31098,0.0,0.0,112.642,225.178,2235.84,2.002654530626989,3.6638300000000004,,0.0,7.082941,0.367455,95.30106
DB1-Uio66Zr-BDC_A-irmof6_A_No18,0.15,7.31796,3.65413,1.31098,0.0,0.0,112.642,225.178,2235.84,2.002654530626989,3.6638300000000004,,0.0,7.869618,2.300575,140.29365
DB1-Uio66Zr-irmof10_A-irmof14_A_No445,0.015,10.06126,6.55622,0.917965,920.604,891.72,0.0,0.0,4791.32,1.5346129324519313,3.505040000000001,0.9686249462309527,0.192139953081823,5.407945,0.103457,5.391725
DB1-Uio66Zr-irmof10_A-irmof14_A_No445,0.15,10.06126,6.55622,0.917965,920.604,891.72,0.0,0.0,4791.32,1.5346129324519313,3.505040000000001,0.9686249462309527,0.192139953081823,5.56142,1.162547,49.82598
DB1-Uio66Zr-BDC_A-irmof7_A_No111,0.015,6.64659,3.28875,1.34892,0.0,0.0,102.938,224.959,2235.84,2.0210079817559863,3.35784,,0.0,6.791734,0.643045,163.84352
DB1-Uio66Zr-BDC_A-irmof7_A_No111,0.15,6.64659,3.28875,1.34892,0.0,0.0,102.938,224.959,2235.84,2.0210079817559863,3.35784,,0.0,7.632912,2.498639,153.05881
DB1-Uio66Zr-irmof10_A-irmof14_A_No27,0.015,10.06126,6.56005,0.766812,1027.45,1044.57,0.0,0.0,4791.32,1.533716968620666,3.5012100000000004,1.0166626113192856,0.21443986208393515,5.922768,0.173575,7.885695
DB1-Uio66Zr-irmof10_A-irmof14_A_No27,0.15,10.06126,6.56005,0.766812,1027.45,1044.57,0.0,0.0,4791.32,1.533716968620666,3.5012100000000004,1.0166626113192856,0.21443986208393515,5.833203,1.753719,50.48019
DB1-Uio66Zr-irmof6_A-irmof7_A_No21,0.015,6.35607,3.38793,1.39105,0.0,0.0,86.6948,195.664,2283.85,1.8760924812496127,2.96814,,0.0,7.694556,0.596855,152.48649
DB1-Uio66Zr-irmof6_A-irmof7_A_No21,0.15,6.35607,3.38793,1.39105,0.0,0.0,86.6948,195.664,2283.85,1.8760924812496127,2.96814,,0.0,7.758916,2.561399,171.56424
DB1-Uio66Zr-BDC_A-irmof6_A_No358,0.015,7.31796,2.06572,1.51094,0.0,0.0,84.2466,166.715,2235.84,3.5425711132196045,5.2522400000000005,,0.0,8.628603,1.279288,335.517495
DB1-Uio66Zr-BDC_A-irmof6_A_No358,0.15,7.31796,2.06572,1.51094,0.0,0.0,84.2466,166.715,2235.84,3.5425711132196045,5.2522400000000005,,0.0,9.416585,3.141275,287.551325
DB1-Uio66Zr-irmof8_A-imdb_No13,0.015,8.68251,2.54728,1.20424,0.0,0.0,288.282,376.809,3454.13,3.4085416601237397,6.13523,,0.0,7.387236,0.774894,150.50814
DB1-Uio66Zr-irmof8_A-imdb_No13,0.15,8.68251,2.54728,1.20424,0.0,0.0,288.282,376.809,3454.13,3.4085416601237397,6.13523,,0.0,7.389932,3.969764,231.538885
DB1-Uio66Zr-irmof10_A-irmof14_A_No405,0.015,10.06126,6.56005,0.825827,1031.09,918.204,0.0,0.0,4791.32,1.533716968620666,3.5012100000000004,0.8905178015498162,0.215199569221008,5.872371,0.147755,5.260045
DB1-Uio66Zr-irmof10_A-irmof14_A_No405,0.15,10.06126,6.56005,0.825827,1031.09,918.204,0.0,0.0,4791.32,1.533716968620666,3.5012100000000004,0.8905178015498162,0.215199569221008,5.702265,1.113433,42.01834
DB1-Uio66Zr-BDC_A-irmof6_A_No457,0.015,7.31796,3.56484,1.33694,0.0,0.0,118.366,224.41,2235.84,2.0528158346517658,3.7531200000000005,,0.0,6.870754,0.376111,89.15868
DB1-Uio66Zr-BDC_A-irmof6_A_No457,0.15,7.31796,3.56484,1.33694,0.0,0.0,118.366,224.41,2235.84,2.0528158346517658,3.7531200000000005,,0.0,7.27413,2.258888,136.209135
DB1-Uio66Zr-BDC_A-irmof7_A_No16,0.015,6.46004,2.90495,1.35451,0.0,0.0,55.7172,129.813,2235.84,2.2238041962856503,3.5550900000000003,,0.0,10.119492,2.528729,483.597065
DB1-Uio66Zr-BDC_A-irmof7_A_No16,0.15,6.46004,2.90495,1.35451,0.0,0.0,55.7172,129.813,2235.84,2.2238041962856503,3.5550900000000003,,0.0,7.910596,4.302399,176.123275
DB1-Uio66Zr-BDC_A-TED_A_No4,0.015,6.64659,3.20995,1.3118,0.0,0.0,99.182,202.02,2235.84,2.070621037710868,3.4366399999999997,,0.0,6.910428,0.346263,89.5484
DB1-Uio66Zr-BDC_A-TED_A_No4,0.15,6.64659,3.20995,1.3118,0.0,0.0,99.182,202.02,2235.84,2.070621037710868,3.4366399999999997,,0.0,6.978714,1.643723,102.97324
DB1-Uio66Zr-irmof10_A-irmof14_A_No119,0.015,10.06126,6.56005,0.815426,929.132,934.111,0.0,0.0,4791.32,1.533716968620666,3.5012100000000004,1.0053587649548181,0.1939198383743937,6.464595,0.264039,11.423075
DB1-Uio66Zr-irmof10_A-irmof14_A_No119,0.15,10.06126,6.56005,0.815426,929.132,934.111,0.0,0.0,4791.32,1.533716968620666,3.5012100000000004,1.0053587649548181,0.1939198383743937,6.865975,2.385271,66.893385
DB1-Uio66Zr-BDC_A-irmof7_A_No382,0.015,7.04211,3.26166,1.53301,0.0,0.0,78.6122,179.34,2235.84,2.159057044572396,3.78045,,0.0,8.628239,1.559158,415.330325
DB1-Uio66Zr-BDC_A-irmof7_A_No382,0.15,7.04211,3.26166,1.53301,0.0,0.0,78.6122,179.34,2235.84,2.159057044572396,3.78045,,0.0,8.521456,3.835337,320.451375
DB1-Uio66Zr-irmof8_A-imd_No1,0.015,9.28921,4.47853,0.944378,474.874,653.854,0.0,0.0,3454.13,2.074164960377624,4.8106800000000005,1.3768999776782893,0.1374800601019649,5.578715,0.109151,6.078585
DB1-Uio66Zr-irmof8_A-imd_No1,0.15,9.28921,4.47853,0.944378,474.874,653.854,0.0,0.0,3454.13,2.074164960377624,4.8106800000000005,1.3768999776782893,0.1374800601019649,5.988661,1.189374,49.407015
DB1-Uio66Zr-BDC_A-irmof6_A_No150,0.015,7.31796,2.73576,1.52146,0.0,0.0,89.2996,176.518,2235.84,2.6749276252302834,4.5822,,0.0,7.596872,0.472756,137.51953
DB1-Uio66Zr-BDC_A-irmof6_A_No150,0.15,7.31796,2.73576,1.52146,0.0,0.0,89.2996,176.518,2235.84,2.6749276252302834,4.5822,,0.0,7.276396,1.967782,145.88267
DB1-Uio66Zr-irmof10_A-irmof14_A_No217,0.015,10.06126,6.56005,0.965143,825.065,853.908,0.0,0.0,4791.32,1.533716968620666,3.5012100000000004,1.034958457818475,0.17219993655193144,6.100443,0.183585,9.35866
DB1-Uio66Zr-irmof10_A-irmof14_A_No217,0.15,10.06126,6.56005,0.965143,825.065,853.908,0.0,0.0,4791.32,1.533716968620666,3.5012100000000004,1.034958457818475,0.17219993655193144,5.571189,1.682179,64.53798
DB1-Uio66Zr-BDC_A-irmof7_A_No63,0.015,5.98662,3.42594,1.58834,0.0,0.0,79.3724,212.665,2235.84,1.7474386591709137,2.56068,,0.0,7.224411,0.383213,118.51116
DB1-Uio66Zr-BDC_A-irmof7_A_No63,0.15,5.98662,3.42594,1.58834,0.0,0.0,79.3724,212.665,2235.84,1.7474386591709137,2.56068,,0.0,7.156163,1.858787,132.308055
DB1-Uio66Zr-irmof6_A-irmof7_A_No128,0.015,6.35607,2.10665,1.51413,0.0,0.0,61.8009,148.414,2283.85,3.0171457052666555,4.24942,,0.0,8.27674,1.255235,337.63737
DB1-Uio66Zr-irmof6_A-irmof7_A_No128,0.15,6.35607,2.10665,1.51413,0.0,0.0,61.8009,148.414,2283.85,3.0171457052666555,4.24942,,0.0,9.794946,2.805476,248.74203
DB1-Uio66Zr-BDC_A-irmof7_A_No271,0.015,6.46004,2.90495,1.37827,0.0,0.0,55.6725,128.337,2235.84,2.2238041962856503,3.5550900000000003,,0.0,11.573355,2.612155,538.20423
DB1-Uio66Zr-BDC_A-irmof7_A_No271,0.15,6.46004,2.90495,1.37827,0.0,0.0,55.6725,128.337,2235.84,2.2238041962856503,3.5550900000000003,,0.0,8.535076,4.252423,187.836205
DB1-Uio66Zr-irmof6_A-imdb_No15,0.015,7.35916,1.3916,1.71609,0.0,0.0,168.457,304.779,4567.71,5.28827249209543,5.967560000000001,,0.0,9.090663,1.391589,330.26284
DB1-Uio66Zr-irmof6_A-imdb_No15,0.15,7.35916,1.3916,1.71609,0.0,0.0,168.457,304.779,4567.71,5.28827249209543,5.967560000000001,,0.0,9.647535,2.662545,226.65757
DB1-Uio66Zr-BDC_A-irmof6_A_No60,0.015,7.31796,2.44882,1.86676,0.0,0.0,82.1001,160.377,2235.84,2.9883617415734927,4.86914,,0.0,7.511751,0.472676,163.74594
DB1-Uio66Zr-BDC_A-irmof6_A_No60,0.15,7.31796,2.44882,1.86676,0.0,0.0,82.1001,160.377,2235.84,2.9883617415734927,4.86914,,0.0,7.235789,1.619551,138.71226
DB1-Uio66Zr-BDC_A-irmof7_A_No314,0.015,6.32717,3.65413,1.40011,0.0,0.0,100.032,230.429,2235.84,1.731512015171874,2.67304,,0.0,7.284524,0.639716,162.65064
DB1-Uio66Zr-BDC_A-irmof7_A_No314,0.15,6.32717,3.65413,1.40011,0.0,0.0,100.032,230.429,2235.84,1.731512015171874,2.67304,,0.0,7.36188,2.578534,167.069115
DB1-Uio66Zr-BDC_A-irmof6_A_No20,0.015,7.31796,2.06572,1.47825,0.0,0.0,86.8849,171.492,2235.84,3.5425711132196045,5.2522400000000005,,0.0,8.431391,1.040121,274.35505
DB1-Uio66Zr-BDC_A-irmof6_A_No20,0.15,7.31796,2.06572,1.47825,0.0,0.0,86.8849,171.492,2235.84,3.5425711132196045,5.2522400000000005,,0.0,9.382277,2.901894,218.63356
DB1-Uio66Zr-irmof10_A-irmof14_A_No4,0.015,10.76636,6.56005,0.870987,1098.46,933.534,0.0,0.0,4791.32,1.6412009054809034,4.20631,0.8498570726289533,0.22926041257941446,5.617749,0.111294,5.89006
DB1-Uio66Zr-irmof10_A-irmof14_A_No4,0.15,10.76636,6.56005,0.870987,1098.46,933.534,0.0,0.0,4791.32,1.6412009054809034,4.20631,0.8498570726289533,0.22926041257941446,5.53806,0.820117,26.511205
DB1-Uio66Zr-BDC_A-irmof6_A_No434,0.015,7.31796,3.25594,1.5137,0.0,0.0,98.556,185.99,2235.84,2.24757212970755,4.06202,,0.0,9.200027,1.662336,437.144445
DB1-Uio66Zr-BDC_A-irmof6_A_No434,0.15,7.31796,3.25594,1.5137,0.0,0.0,98.556,185.99,2235.84,2.24757212970755,4.06202,,0.0,8.686425,3.997627,340.326065
DB1-Uio66Zr-irmof6_A-TED_A_No2,0.015,6.28473,2.45582,1.61471,0.0,0.0,65.5921,152.601,2283.85,2.559116710508099,3.8289099999999996,,0.0,7.977027,0.567932,185.807695
DB1-Uio66Zr-irmof6_A-TED_A_No2,0.15,6.28473,2.45582,1.61471,0.0,0.0,65.5921,152.601,2283.85,2.559116710508099,3.8289099999999996,,0.0,8.177615,1.950161,170.54169
DB1-Uio66Zr-irmof6_A-irmof7_A_No42,0.015,6.35607,2.21395,1.55768,0.0,0.0,68.013,152.497,2283.85,2.8709184940942656,4.14212,,0.0,8.856931,1.624865,439.955525
DB1-Uio66Zr-irmof6_A-irmof7_A_No42,0.15,6.35607,2.21395,1.55768,0.0,0.0,68.013,152.497,2283.85,2.8709184940942656,4.14212,,0.0,8.935565,3.033747,270.56992
DB1-Uio66Zr-BDC_A-irmof6_A_No106,0.015,7.31796,2.25297,1.41056,0.0,0.0,93.1452,181.466,2235.84,3.248139123024275,5.06499,,0.0,7.907102,0.875405,214.858995
DB1-Uio66Zr-BDC_A-irmof6_A_No106,0.15,7.31796,2.25297,1.41056,0.0,0.0,93.1452,181.466,2235.84,3.248139123024275,5.06499,,0.0,8.456432,2.78034,202.661975
DB1-Uio66Zr-BDC_A-irmof7_A_No290,0.015,6.22741,2.01443,1.54726,0.0,0.0,61.3515,150.542,2235.84,3.091400545067339,4.21298,,0.0,8.519948,1.085118,293.643595
DB1-Uio66Zr-BDC_A-irmof7_A_No290,0.15,6.22741,2.01443,1.54726,0.0,0.0,61.3515,150.542,2235.84,3.091400545067339,4.21298,,0.0,9.046492,2.561834,210.459965
DB1-Uio66Zr-irmof6_A-irmof7_A_No75,0.015,6.02029,2.61213,1.52135,0.0,0.0,55.3148,140.784,2283.85,2.304743638333467,3.40816,,0.0,8.596775,1.201267,303.4361
DB1-Uio66Zr-irmof6_A-irmof7_A_No75,0.15,6.02029,2.61213,1.52135,0.0,0.0,55.3148,140.784,2283.85,2.304743638333467,3.40816,,0.0,8.473613,2.957711,220.46887
DB1-Uio66Zr-BDC_A-imd_No20,0.015,7.33179,3.68022,1.30717,0.0,0.0,270.538,509.905,4471.7,1.9922151393123237,3.65157,,0.0,6.741074,0.231102,14.91203
DB1-Uio66Zr-BDC_A-imd_No20,0.15,7.33179,3.68022,1.30717,0.0,0.0,270.538,509.905,4471.7,1.9922151393123237,3.65157,,0.0,7.262712,1.794224,95.813115
DB1-Uio66Zr-irmof10_A-irmof14_A_No68,0.015,10.06126,6.56005,1.03545,1006.08,906.084,0.0,0.0,4791.32,1.533716968620666,3.5012100000000004,0.9006083015267174,0.20997971331491116,5.582999,0.104099,5.22379
DB1-Uio66Zr-irmof10_A-irmof14_A_No68,0.15,10.06126,6.56005,1.03545,1006.08,906.084,0.0,0.0,4791.32,1.533716968620666,3.5012100000000004,0.9006083015267174,0.20997971331491116,5.517235,0.828677,39.325395
DB1-Uio66Zr-irmof10_A-irmof14_A_No393,0.015,10.06126,6.56005,0.824463,998.798,914.333,0.0,0.0,4791.32,1.533716968620666,3.5012100000000004,0.9154333508877671,0.20845988161926152,6.000163,0.152753,6.338935
DB1-Uio66Zr-irmof10_A-irmof14_A_No393,0.15,10.06126,6.56005,0.824463,998.798,914.333,0.0,0.0,4791.32,1.533716968620666,3.5012100000000004,0.9154333508877671,0.20845988161926152,5.796044,1.130926,42.40276
DB1-Uio66Zr-BDC_A-irmof7_A_No108,0.015,6.60954,3.28875,1.39199,0.0,0.0,87.4662,212.563,2235.84,2.0097423033067274,3.32079,,0.0,7.785529,0.533469,146.876295
DB1-Uio66Zr-BDC_A-irmof7_A_No108,0.15,6.60954,3.28875,1.39199,0.0,0.0,87.4662,212.563,2235.84,2.0097423033067274,3.32079,,0.0,6.486189,2.247118,146.452015
DB1-Uio66Zr-BDC_A-irmof7_A_No246,0.015,5.96944,2.90495,1.37534,0.0,0.0,47.4446,122.863,2235.84,2.0549200502590406,3.0644899999999997,,0.0,10.822039,2.739623,552.787365
DB1-Uio66Zr-BDC_A-irmof7_A_No246,0.15,5.96944,2.90495,1.37534,0.0,0.0,47.4446,122.863,2235.84,2.0549200502590406,3.0644899999999997,,0.0,7.001174,4.045875,152.877425
DB1-Uio66Zr-irmof10_A_No11,0.015,11.73684,6.56407,0.797405,1145.6,936.303,0.0,0.0,4791.32,1.7880430891200125,5.172770000000001,0.8173035963687152,0.23909903742601205,5.894335,0.123288,4.55315
DB1-Uio66Zr-irmof10_A_No11,0.15,11.73684,6.56407,0.797405,1145.6,936.303,0.0,0.0,4791.32,1.7880430891200125,5.172770000000001,0.8173035963687152,0.23909903742601205,6.058754,1.041533,33.92917
DB1-Uio66Zr-irmof6_A-irmof7_A_No78,0.015,6.18552,1.58955,1.71103,0.0,0.0,54.1728,128.262,2283.85,3.891365480796452,4.59597,,0.0,9.164717,1.607049,456.21642
DB1-Uio66Zr-irmof6_A-irmof7_A_No78,0.15,6.18552,1.58955,1.71103,0.0,0.0,54.1728,128.262,2283.85,3.891365480796452,4.59597,,0.0,9.517141,2.835395,272.314745
DB1-Uio66Zr-BDC_A-irmof6_A_No127,0.015,7.31796,2.25297,1.3817,0.0,0.0,93.2346,182.54,2235.84,3.248139123024275,5.06499,,0.0,7.534219,0.896035,219.451375
DB1-Uio66Zr-BDC_A-irmof6_A_No127,0.15,7.31796,2.25297,1.3817,0.0,0.0,93.2346,182.54,2235.84,3.248139123024275,5.06499,,0.0,8.10864,2.964434,227.61369
DB1-Uio66Zr-irmof12_A-irmof14_A_No13,0.015,8.99832,4.16769,0.842431,640.898,821.654,0.0,0.0,4847.21,2.1590665332594314,4.830629999999999,1.2820355189125259,0.13221997809048916,6.236872,0.187043,9.7555
DB1-Uio66Zr-irmof12_A-irmof14_A_No13,0.15,8.99832,4.16769,0.842431,640.898,821.654,0.0,0.0,4847.21,2.1590665332594314,4.830629999999999,1.2820355189125259,0.13221997809048916,6.23853,1.478653,54.722135
DB1-Uio66Zr-irmof8_A-imdb_No11,0.015,8.68499,2.54728,1.031,0.0,0.0,292.012,396.575,3454.13,3.409515247636695,6.13771,,0.0,5.974358,0.184834,11.23998
DB1-Uio66Zr-irmof8_A-imdb_No11,0.15,8.68499,2.54728,1.031,0.0,0.0,292.012,396.575,3454.13,3.409515247636695,6.13771,,0.0,6.55371,1.926503,91.607165
DB1-Uio66Zr-irmof7_A-TED_A_No1,0.015,7.37939,3.3187,1.49304,0.0,0.0,89.4934,156.059,2164.81,2.2235785096573957,4.060689999999999,,0.0,7.966768,0.489006,120.60569
DB1-Uio66Zr-irmof7_A-TED_A_No1,0.15,7.37939,3.3187,1.49304,0.0,0.0,89.4934,156.059,2164.81,2.2235785096573957,4.060689999999999,,0.0,7.9573,2.93913,201.05962
DB1-Uio66Zr-BDC_A-irmof6_A_No180,0.015,7.31796,2.70139,1.78916,0.0,0.0,86.3035,168.546,2235.84,2.7089609423296896,4.61657,,0.0,8.301105,0.945933,271.53285
DB1-Uio66Zr-BDC_A-irmof6_A_No180,0.15,7.31796,2.70139,1.78916,0.0,0.0,86.3035,168.546,2235.84,2.7089609423296896,4.61657,,0.0,7.640431,2.423577,202.789185
DB1-Uio66Zr-DPAC_A_No3,0.015,11.9197,5.73839,0.775061,1879.64,1538.82,0.0,0.0,6880.59,2.07718541263316,6.181310000000001,0.8186780447319699,0.27318006159355523,4.700542,0.047361,2.007605
DB1-Uio66Zr-DPAC_A_No3,0.15,11.9197,5.73839,0.775061,1879.64,1538.82,0.0,0.0,6880.59,2.07718541263316,6.181310000000001,0.8186780447319699,0.27318006159355523,4.914013,0.319558,10.98087
DB1-Uio66Zr-irmof10_A-irmof14_A_No2,0.015,10.72882,6.56005,1.02504,1064.25,922.893,0.0,0.0,4791.32,1.6354783881220418,4.16877,0.8671768851303735,0.2221204177554411,5.536767,0.086527,4.440495
DB1-Uio66Zr-irmof10_A-irmof14_A_No2,0.15,10.72882,6.56005,1.02504,1064.25,922.893,0.0,0.0,4791.32,1.6354783881220418,4.16877,0.8671768851303735,0.2221204177554411,5.911811,0.79087,36.52993
DB1-Uio66Zr-irmof10_A-irmof14_A_No82,0.015,10.06126,6.56005,1.04722,1006.85,901.047,0.0,0.0,4791.32,1.533716968620666,3.5012100000000004,0.8949168197844763,0.21014042059390733,5.559323,0.083542,4.286845
DB1-Uio66Zr-irmof10_A-irmof14_A_No82,0.15,10.06126,6.56005,1.04722,1006.85,901.047,0.0,0.0,4791.32,1.533716968620666,3.5012100000000004,0.8949168197844763,0.21014042059390733,5.732986,0.836023,39.99529
DB1-Uio66Zr-BDC_A-irmof7_A_No389,0.015,7.04952,3.70223,1.40377,0.0,0.0,118.321,246.92,2235.84,1.9041280525521105,3.34729,,0.0,7.548584,0.524342,143.49709
DB1-Uio66Zr-BDC_A-irmof7_A_No389,0.15,7.04952,3.70223,1.40377,0.0,0.0,118.321,246.92,2235.84,1.9041280525521105,3.34729,,0.0,7.124923,2.55102,155.046285
DB1-Uio66Zr-BDC_A-irmof6_A_No429,0.015,7.31796,3.56484,1.32505,0.0,0.0,122.882,231.38,2235.84,2.0528158346517658,3.7531200000000005,,0.0,6.80399,0.350354,71.767225
DB1-Uio66Zr-BDC_A-irmof6_A_No429,0.15,7.31796,3.56484,1.32505,0.0,0.0,122.882,231.38,2235.84,2.0528158346517658,3.7531200000000005,,0.0,7.385463,2.225067,127.042285
DB1-Uio66Zr-irmof6_A-irmof7_A_No135,0.015,6.02029,2.76005,1.52494,0.0,0.0,55.4061,144.646,2283.85,2.181224977808373,3.26024,,0.0,8.235946,1.079124,295.24342
DB1-Uio66Zr-irmof6_A-irmof7_A_No135,0.15,6.02029,2.76005,1.52494,0.0,0.0,55.4061,144.646,2283.85,2.181224977808373,3.26024,,0.0,9.555483,3.02904,296.23892
DB1-Uio66Zr-BDC_A-irmof7_A_No122,0.015,6.63108,2.25166,1.55271,0.0,0.0,69.5347,155.357,2235.84,2.944973930344723,4.37942,,0.0,10.150102,2.15225,562.458525
DB1-Uio66Zr-BDC_A-irmof7_A_No122,0.15,6.63108,2.25166,1.55271,0.0,0.0,69.5347,155.357,2235.84,2.944973930344723,4.37942,,0.0,9.862317,3.294161,291.73709
DB1-Uio66Zr-irmof6_A-irmof7_A_No52,0.015,6.35607,2.21395,1.46479,0.0,0.0,69.3376,156.182,2283.85,2.8709184940942656,4.14212,,0.0,9.206039,1.700402,424.046355
DB1-Uio66Zr-irmof6_A-irmof7_A_No52,0.15,6.35607,2.21395,1.46479,0.0,0.0,69.3376,156.182,2283.85,2.8709184940942656,4.14212,,0.0,9.186364,3.150869,235.28889
DB1-Uio66Zr-irmof10_A-irmof14_A_No144,0.015,10.06126,4.37138,0.925674,764.694,887.777,0.0,0.0,4791.32,2.30162099840325,5.6898800000000005,1.1609571933348504,0.1595998597463747,4.966945,0.082018,2.8627
DB1-Uio66Zr-irmof10_A-irmof14_A_No144,0.15,10.06126,4.37138,0.925674,764.694,887.777,0.0,0.0,4791.32,2.30162099840325,5.6898800000000005,1.1609571933348504,0.1595998597463747,5.457281,0.82315,32.83776
DB1-Uio66Zr-irmof20_A_No3,0.015,8.33703,3.56568,1.56587,0.0,0.0,254.883,366.825,3163.9,2.338131857037087,4.77135,,0.0,5.997689,0.10765,10.84552
DB1-Uio66Zr-irmof20_A_No3,0.15,8.33703,3.56568,1.56587,0.0,0.0,254.883,366.825,3163.9,2.338131857037087,4.77135,,0.0,6.775481,1.177951,79.36499
DB1-Uio66Zr-irmof20_A-imdb_No7,0.015,8.34579,4.04166,1.28591,595.32,893.598,0.0,0.0,6327.81,2.064941138047238,4.304129999999999,1.501038097157831,0.09407994234972289,6.079332,0.136773,15.717435
DB1-Uio66Zr-irmof20_A-imdb_No7,0.15,8.34579,4.04166,1.28591,595.32,893.598,0.0,0.0,6327.81,2.064941138047238,4.304129999999999,1.501038097157831,0.09407994234972289,6.639482,1.316974,76.047775
DB1-Uio66Zr-BDC_A-irmof6_A_No424,0.015,7.31796,3.56484,1.43182,0.0,0.0,114.743,221.33,2235.84,2.0528158346517658,3.7531200000000005,,0.0,6.984917,0.398712,97.646965
DB1-Uio66Zr-BDC_A-irmof6_A_No424,0.15,7.31796,3.56484,1.43182,0.0,0.0,114.743,221.33,2235.84,2.0528158346517658,3.7531200000000005,,0.0,7.335799,2.23072,143.565025
DB1-Uio66Zr-BDC_A-irmof7_A_No25,0.015,7.04707,3.33358,1.39189,0.0,0.0,99.9869,217.321,2235.84,2.11396456662207,3.7134899999999997,,0.0,7.00992,0.517969,134.980875
DB1-Uio66Zr-BDC_A-irmof7_A_No25,0.15,7.04707,3.33358,1.39189,0.0,0.0,99.9869,217.321,2235.84,2.11396456662207,3.7134899999999997,,0.0,7.640047,2.769726,176.515375
DB1-Uio66Zr-BDC_A-irmof6_A_No413,0.015,7.31796,3.0421,1.62283,0.0,0.0,75.9292,144.019,2235.84,2.405561947339009,4.27586,,0.0,7.359053,0.515282,155.029555
DB1-Uio66Zr-BDC_A-irmof6_A_No413,0.15,7.31796,3.0421,1.62283,0.0,0.0,75.9292,144.019,2235.84,2.405561947339009,4.27586,,0.0,8.353181,2.035936,161.23774
DB1-Uio66Zr-BDC_A-irmof6_A_No453,0.015,7.31796,3.56484,1.33092,0.0,0.0,103.52,217.25,2235.84,2.0528158346517658,3.7531200000000005,,0.0,8.760229,0.880584,183.67276
DB1-Uio66Zr-BDC_A-irmof6_A_No453,0.15,7.31796,3.56484,1.33092,0.0,0.0,103.52,217.25,2235.84,2.0528158346517658,3.7531200000000005,,0.0,8.434126,3.549606,190.998685
DB1-Uio66Zr-irmof10_A-irmof14_A_No173,0.015,10.06126,6.56005,0.886189,931.528,939.957,0.0,0.0,4791.32,1.533716968620666,3.5012100000000004,1.009048573955909,0.19441990933604938,6.082957,0.202671,9.86993
DB1-Uio66Zr-irmof10_A-irmof14_A_No173,0.15,10.06126,6.56005,0.886189,931.528,939.957,0.0,0.0,4791.32,1.533716968620666,3.5012100000000004,1.009048573955909,0.19441990933604938,5.935334,1.919018,66.462225
DB1-Uio66Zr-BDC_A-irmof6_A_No307,0.015,7.31796,1.41456,1.46927,0.0,0.0,75.5715,141.646,2235.84,5.1733118425517475,5.9034,,0.0,9.135514,2.367963,751.27068
DB1-Uio66Zr-BDC_A-irmof6_A_No307,0.15,7.31796,1.41456,1.46927,0.0,0.0,75.5715,141.646,2235.84,5.1733118425517475,5.9034,,0.0,10.86039,3.820725,390.32769
DB1-Uio66Zr-BDC_A-irmof7_A_No155,0.015,6.32717,3.5112,1.4485,0.0,0.0,97.4827,225.415,2235.84,1.8019964684438368,2.8159699999999996,,0.0,6.792956,0.504195,142.800525
DB1-Uio66Zr-BDC_A-irmof7_A_No155,0.15,6.32717,3.5112,1.4485,0.0,0.0,97.4827,225.415,2235.84,1.8019964684438368,2.8159699999999996,,0.0,7.441048,2.239676,143.37921
DB1-Uio66Zr-BDC_A-irmof6_A_No408,0.015,7.31796,3.0421,1.61171,0.0,0.0,76.4658,146.52,2235.84,2.405561947339009,4.27586,,0.0,7.724089,0.58764,174.789075
DB1-Uio66Zr-BDC_A-irmof6_A_No408,0.15,7.31796,3.0421,1.61171,0.0,0.0,76.4658,146.52,2235.84,2.405561947339009,4.27586,,0.0,7.606636,2.365024,192.226035
DB1-Uio66Zr-BDC_A-irmof6_A_No91,0.015,7.31796,3.13894,1.36591,0.0,0.0,109.512,211.132,2235.84,2.331347524960656,4.17902,,0.0,7.369085,0.492791,125.891395
DB1-Uio66Zr-BDC_A-irmof6_A_No91,0.15,7.31796,3.13894,1.36591,0.0,0.0,109.512,211.132,2235.84,2.331347524960656,4.17902,,0.0,7.071567,2.201153,137.34266
DB1-Uio66Zr-BDC_A-irmof7_A_No84,0.015,6.64659,3.28875,1.34599,0.0,0.0,96.186,218.52,2235.84,2.0210079817559863,3.35784,,0.0,7.392533,0.584333,149.834715
DB1-Uio66Zr-BDC_A-irmof7_A_No84,0.15,6.64659,3.28875,1.34599,0.0,0.0,96.186,218.52,2235.84,2.0210079817559863,3.35784,,0.0,7.366315,2.517391,152.528735
DB1-Uio66Zr-irmof10_A-irmof14_A_No398,0.015,10.06126,4.61046,0.834838,781.847,892.523,0.0,0.0,4791.32,2.1822681467792804,5.450800000000001,1.1415571077205644,0.16317987527445466,5.773656,0.118546,4.63242
DB1-Uio66Zr-irmof10_A-irmof14_A_No398,0.15,10.06126,4.61046,0.834838,781.847,892.523,0.0,0.0,4791.32,2.1822681467792804,5.450800000000001,1.1415571077205644,0.16317987527445466,5.654992,1.15385,41.159235
DB1-Uio66Zr-BDC_A-DABCO_A_No22,0.015,6.6053,3.31774,1.58492,0.0,0.0,56.9693,133.005,2235.84,1.9909034463218938,3.2875599999999996,,0.0,7.165101,0.322207,78.21764
DB1-Uio66Zr-BDC_A-DABCO_A_No22,0.15,6.6053,3.31774,1.58492,0.0,0.0,56.9693,133.005,2235.84,1.9909034463218938,3.2875599999999996,,0.0,7.830354,1.571036,121.98907
DB1-Uio66Zr-BDC_A-irmof6_A_No445,0.015,7.31796,3.25594,1.52555,0.0,0.0,94.3973,184.69,2235.84,2.24757212970755,4.06202,,0.0,8.653709,1.448744,394.683435
DB1-Uio66Zr-BDC_A-irmof6_A_No445,0.15,7.31796,3.25594,1.52555,0.0,0.0,94.3973,184.69,2235.84,2.24757212970755,4.06202,,0.0,9.948678,3.893267,336.318175
DB1-Uio66Zr-irmof6_A-irmof7_A_No46,0.015,6.35607,2.21395,1.49304,0.0,0.0,69.9771,153.591,2283.85,2.8709184940942656,4.14212,,0.0,8.554643,1.604192,388.905325
DB1-Uio66Zr-irmof6_A-irmof7_A_No46,0.15,6.35607,2.21395,1.49304,0.0,0.0,69.9771,153.591,2283.85,2.8709184940942656,4.14212,,0.0,9.114827,3.099555,233.01349
DB1-Uio66Zr-BDC_A-irmof6_A_No142,0.015,7.31796,3.26046,1.44173,0.0,0.0,104.682,214.031,2235.84,2.244456303711746,4.0575,,0.0,6.760649,0.350113,101.623835
DB1-Uio66Zr-BDC_A-irmof6_A_No142,0.15,7.31796,3.26046,1.44173,0.0,0.0,104.682,214.031,2235.84,2.244456303711746,4.0575,,0.0,7.543713,1.790188,116.83911
DB1-Uio66Zr-irmof10_A-irmof14_A_No190,0.015,10.06126,6.56005,0.893166,1035.5,910.834,0.0,0.0,4791.32,1.533716968620666,3.5012100000000004,0.8796079188797682,0.21611998363707707,5.127741,0.086196,3.28079
DB1-Uio66Zr-irmof10_A-irmof14_A_No190,0.15,10.06126,6.56005,0.893166,1035.5,910.834,0.0,0.0,4791.32,1.533716968620666,3.5012100000000004,0.8796079188797682,0.21611998363707707,5.469954,0.880336,32.99893
DB1-Uio66Zr-DPAC_A_No14,0.015,12.71042,6.31759,0.945591,1751.25,1278.47,0.0,0.0,6880.59,2.011909604770173,6.392829999999999,0.7300328336902213,0.2545203245651899,5.784028,0.112895,6.9049
DB1-Uio66Zr-DPAC_A_No14,0.15,12.71042,6.31759,0.945591,1751.25,1278.47,0.0,0.0,6880.59,2.011909604770173,6.392829999999999,0.7300328336902213,0.2545203245651899,5.219423,0.679495,33.4038
DB1-Uio66Zr-irmof6_A-irmof7_A_No86,0.015,6.02029,1.58782,1.72638,0.0,0.0,45.4942,123.279,2283.85,3.791544381604968,4.43247,,0.0,9.274362,1.762489,533.842035
DB1-Uio66Zr-irmof6_A-irmof7_A_No86,0.15,6.02029,1.58782,1.72638,0.0,0.0,45.4942,123.279,2283.85,3.791544381604968,4.43247,,0.0,9.022878,2.773008,298.04739
DB1-Uio66Zr-BDC_A-TED_A_No22,0.015,6.21839,3.05988,1.5939,0.0,0.0,49.8593,117.977,2235.84,2.032233290194387,3.15851,,0.0,7.664387,0.350821,119.73513
DB1-Uio66Zr-BDC_A-TED_A_No22,0.15,6.21839,3.05988,1.5939,0.0,0.0,49.8593,117.977,2235.84,2.032233290194387,3.15851,,0.0,7.456807,1.591641,138.755395
DB1-Uio66Zr-irmof10_A-irmof14_A_No479,0.015,10.06126,6.56005,0.854809,1028.22,929.308,0.0,0.0,4791.32,1.533716968620666,3.5012100000000004,0.9038026881406702,0.21460056936293131,5.669086,0.116717,4.859625
DB1-Uio66Zr-irmof10_A-irmof14_A_No479,0.15,10.06126,6.56005,0.854809,1028.22,929.308,0.0,0.0,4791.32,1.533716968620666,3.5012100000000004,0.9038026881406702,0.21460056936293131,5.125575,1.118545,45.784025
DB1-Uio66Zr-BDC_A-irmof7_A_No350,0.015,6.32717,3.04284,1.63102,0.0,0.0,53.1683,138.76,2235.84,2.079363357915631,3.2843299999999997,,0.0,8.397257,0.67617,201.631915
DB1-Uio66Zr-BDC_A-irmof7_A_No350,0.15,6.32717,3.04284,1.63102,0.0,0.0,53.1683,138.76,2235.84,2.079363357915631,3.2843299999999997,,0.0,8.425157,2.139256,175.394935
DB1-Uio66Zr-BDC_A-irmof7_A_No71,0.015,6.32717,3.42594,1.61357,0.0,0.0,82.4579,214.256,2235.84,1.8468420345948848,2.9012299999999995,,0.0,7.638146,0.566778,170.944495
DB1-Uio66Zr-BDC_A-irmof7_A_No71,0.15,6.32717,3.42594,1.61357,0.0,0.0,82.4579,214.256,2235.84,1.8468420345948848,2.9012299999999995,,0.0,7.332088,2.075046,152.203105
DB1-Uio66Zr-BDC_A-irmof7_A_No275,0.015,6.46004,2.29495,1.45971,0.0,0.0,55.2253,123.974,2235.84,2.8148935706660274,4.16509,,0.0,9.016987,2.099535,686.509225
DB1-Uio66Zr-BDC_A-irmof7_A_No275,0.15,6.46004,2.29495,1.45971,0.0,0.0,55.2253,123.974,2235.84,2.8148935706660274,4.16509,,0.0,8.993603,3.510053,348.244775
DB1-Uio66Zr-irmof20_A_No1,0.015,10.13419,4.70361,1.06897,465.093,575.222,0.0,0.0,3163.9,2.154555756110732,5.43058,1.236789201299525,0.14699990518031544,5.685878,0.086041,3.165975
DB1-Uio66Zr-irmof20_A_No1,0.15,10.13419,4.70361,1.06897,465.093,575.222,0.0,0.0,3163.9,2.154555756110732,5.43058,1.236789201299525,0.14699990518031544,5.489722,0.87409,44.21809
DB1-Uio66Zr-irmof6_A_No4,0.015,7.35647,2.22262,1.38469,0.0,0.0,97.7943,182.951,2283.85,3.309819042391412,5.13385,,0.0,8.364351,1.002588,239.908195
DB1-Uio66Zr-irmof6_A_No4,0.15,7.35647,2.22262,1.38469,0.0,0.0,97.7943,182.951,2283.85,3.309819042391412,5.13385,,0.0,7.641784,3.021885,200.3555
DB1-Uio66Zr-BDC_A-irmof6_A_No466,0.015,7.31796,3.25594,1.52629,0.0,0.0,94.2631,183.411,2235.84,2.24757212970755,4.06202,,0.0,8.596304,1.463765,400.66693
DB1-Uio66Zr-BDC_A-irmof6_A_No466,0.15,7.31796,3.25594,1.52629,0.0,0.0,94.2631,183.411,2235.84,2.24757212970755,4.06202,,0.0,10.474603,4.002276,376.566925
DB1-Uio66Zr-irmof10_A-irmof14_A_No360,0.015,10.06126,6.56005,0.913021,959.509,903.37,0.0,0.0,4791.32,1.533716968620666,3.5012100000000004,0.9414919505705522,0.20025984488616916,5.54067,0.114977,5.08107
DB1-Uio66Zr-irmof10_A-irmof14_A_No360,0.15,10.06126,6.56005,0.913021,959.509,903.37,0.0,0.0,4791.32,1.533716968620666,3.5012100000000004,0.9414919505705522,0.20025984488616916,5.55785,1.194819,49.90777
DB1-Uio66Zr-BDC_A-irmof7_A_No160,0.015,6.32717,2.73576,1.60018,0.0,0.0,70.8315,174.907,2235.84,2.3127650086264877,3.5914099999999998,,0.0,7.538467,0.603262,177.47724
DB1-Uio66Zr-BDC_A-irmof7_A_No160,0.15,6.32717,2.73576,1.60018,0.0,0.0,70.8315,174.907,2235.84,2.3127650086264877,3.5914099999999998,,0.0,8.179848,2.156637,173.485535
DB1-Uio66Zr-irmof14_A_No6,0.015,10.01691,3.68063,0.985707,0.0,0.0,591.45,645.838,4754.42,2.721520500566479,6.3362799999999995,,0.0,5.756251,0.161152,8.16987
DB1-Uio66Zr-irmof14_A_No6,0.15,10.01691,3.68063,0.985707,0.0,0.0,591.45,645.838,4754.42,2.721520500566479,6.3362799999999995,,0.0,5.785662,1.57243,62.69405
DB1-Uio66Zr-BDC_A-irmof6_A_No114,0.015,7.31796,2.24985,1.52895,0.0,0.0,87.4215,170.401,2235.84,3.2526435095673047,5.068110000000001,,0.0,10.437134,2.648434,667.559795
DB1-Uio66Zr-BDC_A-irmof6_A_No114,0.15,7.31796,2.24985,1.52895,0.0,0.0,87.4215,170.401,2235.84,3.2526435095673047,5.068110000000001,,0.0,10.583233,3.850688,413.248575
DB1-Uio66Zr-BDC_A-irmof7_A_No386,0.015,7.04952,3.70223,1.35624,0.0,0.0,118.634,244.109,2235.84,1.9041280525521105,3.34729,,0.0,7.290284,0.456566,116.75985
DB1-Uio66Zr-BDC_A-irmof7_A_No386,0.15,7.04952,3.70223,1.35624,0.0,0.0,118.634,244.109,2235.84,1.9041280525521105,3.34729,,0.0,7.063495,2.4594,138.23335
DB1-Uio66Zr-BDC_A-irmof6_A_No163,0.015,7.31796,2.72463,1.57641,0.0,0.0,85.0962,170.228,2235.84,2.6858545931007147,4.59333,,0.0,7.323055,0.555886,166.49133
DB1-Uio66Zr-BDC_A-irmof6_A_No163,0.15,7.31796,2.72463,1.57641,0.0,0.0,85.0962,170.228,2235.84,2.6858545931007147,4.59333,,0.0,7.380271,2.025361,154.641025
DB1-Uio66Zr-irmof10_A-irmof14_A_No21,0.015,10.06126,6.56005,0.775486,1131.42,990.097,0.0,0.0,4791.32,1.533716968620666,3.5012100000000004,0.8750923618108217,0.23613951896345894,5.22056,0.087891,3.415065
DB1-Uio66Zr-irmof10_A-irmof14_A_No21,0.15,10.06126,6.56005,0.775486,1131.42,990.097,0.0,0.0,4791.32,1.533716968620666,3.5012100000000004,0.8750923618108217,0.23613951896345894,4.886065,0.737974,19.12908
DB1-Uio66Zr-BDC_A-irmof6_A_No385,0.015,7.31796,2.06572,1.49013,0.0,0.0,86.6166,170.546,2235.84,3.5425711132196045,5.2522400000000005,,0.0,8.017451,0.981769,248.352355
DB1-Uio66Zr-BDC_A-irmof6_A_No385,0.15,7.31796,2.06572,1.49013,0.0,0.0,86.6166,170.546,2235.84,3.5425711132196045,5.2522400000000005,,0.0,9.289431,2.879782,233.463535
DB1-Uio66Zr-irmof6_A-irmof7_A_No67,0.015,6.35607,2.49975,1.48802,0.0,0.0,70.7079,164.899,2283.85,2.5426822682268226,3.8563199999999997,,0.0,7.948179,0.884431,231.766165
DB1-Uio66Zr-irmof6_A-irmof7_A_No67,0.15,6.35607,2.49975,1.48802,0.0,0.0,70.7079,164.899,2283.85,2.5426822682268226,3.8563199999999997,,0.0,8.700396,2.720885,225.93765
DB1-Uio66Zr-BDC_A-irmof7_A_No282,0.015,6.22964,3.65413,1.44601,0.0,0.0,94.7103,225.659,2235.84,1.7048216675378272,2.57551,,0.0,7.280111,0.497824,135.95437
DB1-Uio66Zr-BDC_A-irmof7_A_No282,0.15,6.22964,3.65413,1.44601,0.0,0.0,94.7103,225.659,2235.84,1.7048216675378272,2.57551,,0.0,7.528923,2.146359,142.60964
DB1-Uio66Zr-BDC_A-irmof6_A_No305,0.015,7.31796,2.63146,1.38783,0.0,0.0,75.5715,142.762,2235.84,2.780950498962553,4.6865000000000006,,0.0,10.872672,2.726263,517.15107
DB1-Uio66Zr-BDC_A-irmof6_A_No305,0.15,7.31796,2.63146,1.38783,0.0,0.0,75.5715,142.762,2235.84,2.780950498962553,4.6865000000000006,,0.0,11.500824,4.278425,163.480005
DB1-Uio66Zr-irmof10_A-irmof14_A_No483,0.015,10.06126,6.56005,0.837563,1033.1,951.915,0.0,0.0,4791.32,1.533716968620666,3.5012100000000004,0.9214161262220502,0.2156190778324136,5.427374,0.110654,4.74743
DB1-Uio66Zr-irmof10_A-irmof14_A_No483,0.15,10.06126,6.56005,0.837563,1033.1,951.915,0.0,0.0,4791.32,1.533716968620666,3.5012100000000004,0.9214161262220502,0.2156190778324136,5.702522,1.125338,43.50844
DB1-Uio66Zr-BDC_A-DABCO_A_No4,0.015,6.64659,3.2511,1.30282,0.0,0.0,107.946,209.707,2235.84,2.0444126603303494,3.3954899999999997,,0.0,7.024188,0.308162,76.73854
DB1-Uio66Zr-BDC_A-DABCO_A_No4,0.15,6.64659,3.2511,1.30282,0.0,0.0,107.946,209.707,2235.84,2.0444126603303494,3.3954899999999997,,0.0,6.817405,1.765153,108.710925
DB1-Uio66Zr-BDC_A-irmof6_A_No313,0.015,7.31796,1.41114,1.48348,0.0,0.0,75.5268,140.203,2235.84,5.18584973850929,5.90682,,0.0,10.437783,2.105125,650.251835
DB1-Uio66Zr-BDC_A-irmof6_A_No313,0.15,7.31796,1.41114,1.48348,0.0,0.0,75.5268,140.203,2235.84,5.18584973850929,5.90682,,0.0,10.64718,3.633193,352.951995
DB1-Uio66Zr-BDC_A-imd_No1,0.015,8.69308,3.84796,1.23588,342.89,580.944,0.0,0.0,4471.7,2.2591399078992507,4.84512,1.6942576336434425,0.0766800098396583,6.177547,0.174941,14.87844
DB1-Uio66Zr-BDC_A-imd_No1,0.15,8.69308,3.84796,1.23588,342.89,580.944,0.0,0.0,4471.7,2.2591399078992507,4.84512,1.6942576336434425,0.0766800098396583,6.652045,1.543973,82.46762
DB1-Uio66Zr-BDC_A-irmof7_A_No46,0.015,6.12928,2.44882,1.91018,0.0,0.0,57.1929,156.16,2235.84,2.50295244240083,3.6804599999999996,,0.0,7.762296,0.531411,201.769165
DB1-Uio66Zr-BDC_A-irmof7_A_No46,0.15,6.12928,2.44882,1.91018,0.0,0.0,57.1929,156.16,2235.84,2.50295244240083,3.6804599999999996,,0.0,7.987896,1.704217,175.51142
DB1-Uio66Zr-BDC_A-irmof6_A_No407,0.015,7.31796,3.0421,1.60056,0.0,0.0,76.4658,147.216,2235.84,2.405561947339009,4.27586,,0.0,7.848499,0.555303,167.45266
DB1-Uio66Zr-BDC_A-irmof6_A_No407,0.15,7.31796,3.0421,1.60056,0.0,0.0,76.4658,147.216,2235.84,2.405561947339009,4.27586,,0.0,7.777992,2.156292,169.26516
DB1-Uio66Zr-irmof12_A-irmof14_A_No6,0.015,8.99832,4.02347,0.855743,634.791,810.48,0.0,0.109359,4847.21,2.2364575851193127,4.97485,1.2767666838376726,0.13096007806552637,6.42944,0.182314,9.62649
DB1-Uio66Zr-irmof12_A-irmof14_A_No6,0.15,8.99832,4.02347,0.855743,634.791,810.48,0.0,0.109359,4847.21,2.2364575851193127,4.97485,1.2767666838376726,0.13096007806552637,6.094938,1.50296,57.28354
DB1-Uio66Zr-BDC_A-DABCO_A_No9,0.015,6.6053,2.87777,1.76237,0.0,0.0,67.6566,152.766,2235.84,2.2952841957487915,3.72753,,0.0,7.855267,0.632449,200.848185
DB1-Uio66Zr-BDC_A-DABCO_A_No9,0.15,6.6053,2.87777,1.76237,0.0,0.0,67.6566,152.766,2235.84,2.2952841957487915,3.72753,,0.0,7.64121,1.908022,148.0972
DB1-Uio66Zr-irmof6_A-irmof7_A_No31,0.015,6.18552,2.30901,1.67787,0.0,0.0,65.455,157.243,2283.85,2.6788623695869664,3.8765100000000006,,0.0,8.62658,0.883009,266.938525
DB1-Uio66Zr-irmof6_A-irmof7_A_No31,0.15,6.18552,2.30901,1.67787,0.0,0.0,65.455,157.243,2283.85,2.6788623695869664,3.8765100000000006,,0.0,8.63632,2.474979,230.507135
DB1-Uio66Zr-irmof10_A-irmof14_A_No566,0.015,10.06126,6.00548,1.05127,835.797,864.305,0.0,0.0,4791.32,1.6753465168479456,4.05578,1.0341087608593953,0.17443982034178473,6.485628,0.255105,20.4613
DB1-Uio66Zr-irmof10_A-irmof14_A_No566,0.15,10.06126,6.00548,1.05127,835.797,864.305,0.0,0.0,4791.32,1.6753465168479456,4.05578,1.0341087608593953,0.17443982034178473,5.853329,1.90552,80.930275
DB1-Uio66Zr-irmof6_A-irmof7_A_No71,0.015,6.39507,2.49975,1.48945,0.0,0.0,74.3621,167.839,2283.85,2.558283828382838,3.8953199999999994,,0.0,7.931306,1.01992,282.437515
DB1-Uio66Zr-irmof6_A-irmof7_A_No71,0.15,6.39507,2.49975,1.48945,0.0,0.0,74.3621,167.839,2283.85,2.558283828382838,3.8953199999999994,,0.0,8.370952,2.684975,207.6096
DB1-Uio66Zr-BDC_A-irmof6_A_No135,0.015,7.31796,2.24985,1.53041,0.0,0.0,86.6166,167.194,2235.84,3.2526435095673047,5.068110000000001,,0.0,10.031707,2.531648,659.283895
DB1-Uio66Zr-BDC_A-irmof6_A_No135,0.15,7.31796,2.24985,1.53041,0.0,0.0,86.6166,167.194,2235.84,3.2526435095673047,5.068110000000001,,0.0,11.063815,3.735043,378.712545
DB1-Uio66Zr-BDC_A-NiC4_No7,0.015,7.33179,2.72573,1.84984,0.0,0.0,179.405,341.759,4471.7,2.6898445554035066,4.606059999999999,,0.0,8.166807,0.799827,194.094595
DB1-Uio66Zr-BDC_A-NiC4_No7,0.15,7.33179,2.72573,1.84984,0.0,0.0,179.405,341.759,4471.7,2.6898445554035066,4.606059999999999,,0.0,8.481511,2.314132,172.280695
